,OG_Title,TMDB_Title,Release_Date,Rating,Genre,Budget,Runtime,Original_Language,MovieAge,Semester,Weekday,Date,Attendance
0,Elementarteilchen,The Elementary Particles,2006-02-10,6.2,"['Drama', 'Romance']",6000000.0,105.0,de,250 days,Wintersemester 0607,Wednesday,2006-10-18,117
1,Match Point,Match Point,2005-10-26,7.365,"['Drama', 'Thriller', 'Crime', 'Romance']",15000000.0,124.0,en,363 days,Wintersemester 0607,Tuesday,2006-10-24,110
2,"Good night, and good luck","Good Night, and Good Luck.",2005-09-16,7.084,"['Drama', 'History']",7000000.0,92.0,en,404 days,Wintersemester 0607,Wednesday,2006-10-25,107
3,Fahrstuhl des Grauens,Down,2001-09-06,5.096,"['Action', 'Horror', 'Mystery', 'Thriller']",15000000.0,111.0,en,1881 days,Wintersemester 0607,Tuesday,2006-10-31,32
4,War Photographer,War Photographer,2001-11-01,7.5,['Documentary'],0.0,96.0,en,1832 days,Wintersemester 0607,Tuesday,2006-11-07,87
5,Der Tintenfisch und der Wal,The Squid and the Whale,2005-10-05,6.9,"['Comedy', 'Drama']",1500000.0,81.0,en,406 days,Wintersemester 0607,Wednesday,2006-11-15,33
6,Die Bluthochzeit,The Wedding Party,2005-04-21,4.92,"['Comedy', 'Action']",0.0,92.0,de,580 days,Wintersemester 0607,Wednesday,2006-11-22,31
7,Grande École,Grande école,2004-02-04,6.0,"['Comedy', 'Drama', 'Romance']",0.0,110.0,fr,1028 days,Wintersemester 0607,Tuesday,2006-11-28,37
8,Garden State,Garden State,2004-07-28,7.083,"['Comedy', 'Drama', 'Romance']",2500000.0,102.0,en,861 days,Wintersemester 0607,Wednesday,2006-12-06,53
9,Workingman's Death,Workingman's Death,2005-11-25,7.2,['Documentary'],0.0,122.0,en,382 days,Wintersemester 0607,Tuesday,2006-12-12,57
10,Walk the Line,Walk the Line,2005-09-13,7.493,"['Drama', 'Music', 'Romance']",28000000.0,136.0,en,456 days,Wintersemester 0607,Wednesday,2006-12-13,196
11,Das Leben der Anderen,The Lives of Others,2006-03-23,8.027,"['Drama', 'Thriller']",2000000.0,137.0,de,271 days,Wintersemester 0607,Tuesday,2006-12-19,133
12,Noi Albinoi,Noi the Albino,2003-02-28,6.973,['Drama'],0.0,90.0,is,1412 days,Wintersemester 0607,Wednesday,2007-01-10,60
13,Esmas Geheimnis,Grbavica: The Land of My Dreams,2006-03-01,6.938,"['Drama', 'History']",0.0,90.0,bs,321 days,Wintersemester 0607,Tuesday,2007-01-16,31
14,Sex in Brno,Boredom in Brno,2003-04-22,6.68,"['Drama', 'Comedy', 'Romance']",0.0,103.0,cs,1366 days,Wintersemester 0607,Wednesday,2007-01-17,34
15,Bin Jip,3-Iron,2004-10-15,7.808,"['Drama', 'Romance', 'Crime']",0.0,88.0,ko,831 days,Wintersemester 0607,Wednesday,2007-01-24,93
16,We feed the world,We Feed the World,2005-09-10,7.3,['Documentary'],0.0,96.0,de,507 days,Wintersemester 0607,Tuesday,2007-01-30,205
17,Stay,Stay,2005-09-24,6.582,"['Mystery', 'Thriller', 'Drama']",50000000.0,99.0,en,494 days,Wintersemester 0607,Wednesday,2007-01-31,70
18,Das wandelnde Schloß,Howl's Moving Castle,2004-09-09,8.4,"['Fantasy', 'Animation', 'Adventure']",24000000.0,119.0,ja,880 days,Wintersemester 0607,Tuesday,2007-02-06,28
19,Private,Private,2004-08-12,6.6,['Drama'],0.0,90.0,en,909 days,Wintersemester 0607,Wednesday,2007-02-07,9
20,Volver,Volver,2006-03-17,7.47,"['Comedy', 'Drama', 'Romance']",12899867.0,121.0,es,333 days,Wintersemester 0607,Tuesday,2007-02-13,108
21,Maze Runner,The Maze Runner,2014-09-10,7.181,"['Action', 'Mystery', 'Science Fiction', 'Thriller']",34000000.0,113.0,en,216 days,Sommersemester 15,Tuesday,2015-04-14,12
22,The Zero Theorem,The Zero Theorem,2013-09-20,6.1,"['Drama', 'Fantasy', 'Science Fiction']",8500000.0,107.0,en,578 days,Sommersemester 15,Tuesday,2015-04-21,20
23,Heute gehe ich allein nach Hause,The Way He Looks,2014-04-10,7.9,"['Drama', 'Romance']",0.0,96.0,pt,377 days,Sommersemester 15,Wednesday,2015-04-22,20
24,Ein Schotte macht noch keinen Sommer,What We Did on Our Holiday,2014-09-26,6.732,['Comedy'],0.0,95.0,en,214 days,Sommersemester 15,Tuesday,2015-04-28,15
25,Good Vibrations,Good Vibrations,2012-05-31,6.722,"['Music', 'Drama']",0.0,111.0,en,1069 days,Sommersemester 15,Tuesday,2015-05-05,8
26,Ida,Ida,2013-10-25,7.24,['Drama'],2159280.0,82.0,pl,558 days,Sommersemester 15,Wednesday,2015-05-06,15
27,Eine Taube sitzt auf einem Zweig und denkt über das Leben nach,A Pigeon Sat on a Branch Reflecting on Existence,2014-10-24,6.9,"['Drama', 'Comedy']",0.0,100.0,sv,200 days,Sommersemester 15,Tuesday,2015-05-12,19
28,Das Mädchen Hirut,Difret,2014-08-10,6.209,['Drama'],0.0,96.0,am,276 days,Sommersemester 15,Wednesday,2015-05-13,28
29,Pride,Pride,2014-09-12,7.725,"['Drama', 'Comedy']",0.0,120.0,en,250 days,Sommersemester 15,Wednesday,2015-05-20,25
30,The gambler,The Gambler,2014-12-25,5.941,"['Thriller', 'Crime', 'Drama']",25000000.0,111.0,en,159 days,Sommersemester 15,Tuesday,2015-06-02,11
31,Black Ice,"Black Coal, Thin Ice",2014-06-11,6.456,"['Crime', 'Drama', 'Mystery', 'Thriller']",0.0,106.0,zh,357 days,Sommersemester 15,Wednesday,2015-06-03,20
32,Wir waren Könige,The King's Surrender,2014-11-13,6.5,"['Drama', 'Crime', 'Thriller']",0.0,107.0,de,208 days,Sommersemester 15,Tuesday,2015-06-09,9
33,Interstellar,Interstellar,2014-11-05,8.434,"['Adventure', 'Drama', 'Science Fiction']",165000000.0,169.0,en,217 days,Sommersemester 15,Wednesday,2015-06-10,73
34,Wild Tales ,Wild Tales,2014-08-21,7.9,"['Drama', 'Thriller', 'Comedy']",4000000.0,122.0,es,314 days,Sommersemester 15,Wednesday,2015-07-01,6
35,Baymax,Big Hero 6,2014-10-24,7.735,"['Adventure', 'Family', 'Animation', 'Action', 'Comedy']",165000000.0,102.0,en,242 days,Sommersemester 15,Tuesday,2015-06-23,69
36,Die Legende der Prinzessin Kaguya,The Tale of The Princess Kaguya,2013-11-23,8.08,"['Animation', 'Drama', 'Fantasy']",49300000.0,137.0,ja,578 days,Sommersemester 15,Wednesday,2015-06-24,93
37,Into the woods,Into the Woods,2014-12-24,5.8,"['Fantasy', 'Comedy']",50000000.0,125.0,en,188 days,Sommersemester 15,Tuesday,2015-06-30,50
38,Birdman,Birdman,2015-07-01,7.42,['Documentary'],0.0,13.0,en,6 days,Sommersemester 15,Tuesday,2015-07-07,51
39,Der wundersame Katzenfisch,The Amazing Catfish,2013-08-10,6.5,"['Comedy', 'Drama']",1300000.0,87.0,es,697 days,Sommersemester 15,Wednesday,2015-07-08,3
40,St. Vincent,St. Vincent,2014-10-09,7.105,['Comedy'],13000000.0,102.0,en,278 days,Sommersemester 15,Tuesday,2015-07-14,11
41,Der kleine Horrorladen,Little Shop of Horrors,1986-12-19,6.9,"['Horror', 'Comedy']",25000000.0,94.0,en,7068 days,Sommersemester 06,Wednesday,2006-04-26,46
42,Shopgirl,Shopgirl,2005-10-21,5.749,"['Comedy', 'Drama', 'Romance']",10284523.0,104.0,en,194 days,Sommersemester 06,Wednesday,2006-05-03,26
43,Spartacus,Spartacus,1960-10-13,7.6,"['History', 'War', 'Drama', 'Adventure']",12000000.0,197.0,en,16644 days,Sommersemester 06,Tuesday,2006-05-09,9
44,Mongolian Ping Pong,Mongolian Ping Pong,2005-06-11,6.88,"['Drama', 'Comedy']",0.0,102.0,zh,333 days,Sommersemester 06,Wednesday,2006-05-10,39
45,Dear Wendy,Dear Wendy,2005-02-04,5.8,"['Comedy', 'Crime', 'Drama', 'Romance']",0.0,105.0,en,467 days,Sommersemester 06,Wednesday,2006-05-17,46
46,Paradise Now*,Paradise Now,2005-09-07,6.933,"['Thriller', 'Crime', 'Drama']",2000000.0,90.0,en,258 days,Sommersemester 06,Tuesday,2006-05-23,15
47,Der Löwe im Winter,The Lion in Winter,2003-12-26,6.1,"['Drama', 'History', 'TV Movie', 'Romance']",0.0,167.0,en,886 days,Sommersemester 06,Tuesday,2006-05-30,6
48,Die Stadt der verlorenen Kinder,The City of Lost Children,1995-05-17,7.3,"['Fantasy', 'Science Fiction', 'Adventure']",18000000.0,108.0,fr,4032 days,Sommersemester 06,Wednesday,2006-05-31,13
49,Casablanca,Casablanca,1943-01-15,8.16,"['Drama', 'Romance']",878000.0,102.0,en,23161 days,Sommersemester 06,Wednesday,2006-06-14,16
50,Ray,Ray,2004-10-29,7.447,"['Drama', 'Music']",40000000.0,152.0,en,600 days,Sommersemester 06,Wednesday,2006-06-21,16
51,Die Tiefseetaucher,The Life Aquatic with Steve Zissou,2004-12-10,7.097,"['Adventure', 'Comedy', 'Drama']",50000000.0,119.0,en,564 days,Sommersemester 06,Tuesday,2006-06-27,19
52,Aaltra,Aaltra,2004-06-23,6.3,"['Comedy', 'Drama']",0.0,92.0,en,735 days,Sommersemester 06,Wednesday,2006-06-28,45
53,Aimée & Jaguar,Aimée & Jaguar,1999-02-11,6.8,"['Drama', 'History', 'Romance']",0.0,125.0,de,2700 days,Sommersemester 06,Tuesday,2006-07-04,5
54,Dr. Seltsam,Dr. Strangelove or: How I Learned to Stop Worrying and Love the Bomb,1964-01-29,8.122,"['Comedy', 'War']",1800000.0,95.0,en,15498 days,Sommersemester 06,Wednesday,2006-07-05,25
55,Thirteen Days,Thirteen Days,2000-12-25,6.993,"['History', 'Thriller']",80000000.0,145.0,en,2024 days,Sommersemester 06,Tuesday,2006-07-11,20
56,Populärmusik aus Vittula,Popular Music,2004-10-01,6.373,"['Comedy', 'Drama']",2224000.0,105.0,sv,649 days,Sommersemester 06,Wednesday,2006-07-12,45
57,Transamerica,Transamerica,2005-02-14,7.036,"['Drama', 'Adventure', 'Comedy']",1000000.0,103.0,en,519 days,Sommersemester 06,Tuesday,2006-07-18,61
58,Swimming Pool,Swimming Pool,2003-05-21,6.505,"['Crime', 'Thriller']",7800000.0,102.0,en,1155 days,Sommersemester 06,Wednesday,2006-07-19,22
59,Chihiros Reise ins Zauberland,Spirited Away,2001-07-20,8.5,"['Animation', 'Family', 'Fantasy']",19000000.0,125.0,ja,1832 days,Sommersemester 06,Wednesday,2006-07-26,17
60,No Place on Earth,No Place on Earth,2012-09-10,6.7,"['Documentary', 'War']",0.0,81.0,en,589 days,Sommersemester 14,Tuesday,2014-04-22,7
61,Into the White,Into the White,2012-03-09,6.9,"['War', 'Action', 'Drama']",0.0,104.0,no,775 days,Sommersemester 14,Wednesday,2014-04-23,1
62,Gravity,Gravity,2013-10-03,7.164,"['Science Fiction', 'Thriller', 'Drama']",105000000.0,91.0,en,208 days,Sommersemester 14,Tuesday,2014-04-29,44
63,RED 2,RED 2,2013-07-18,6.524,"['Action', 'Comedy', 'Crime', 'Thriller']",84000000.0,116.0,en,292 days,Sommersemester 14,Tuesday,2014-05-06,9
64,Jung und Schön,Young & Beautiful,2013-08-21,6.471,['Drama'],4645437.0,95.0,fr,259 days,Sommersemester 14,Wednesday,2014-05-07,21
65,Alois Nebel,Alois Nebel,2011-09-04,6.8,"['Animation', 'Drama']",0.0,84.0,cs,982 days,Sommersemester 14,Tuesday,2014-05-13,0
66,12 Years a slave,12 Years a Slave,2013-10-18,7.943,"['Drama', 'History']",20000000.0,134.0,en,214 days,Sommersemester 14,Tuesday,2014-05-20,115
67,The Bling Ring,The Bling Ring,2013-06-12,5.416,"['Drama', 'Crime']",15000000.0,90.0,en,343 days,Sommersemester 14,Wednesday,2014-05-21,37
68,Blue Jasmin,Blue Jasmine,2013-08-01,6.997,['Drama'],18000000.0,99.0,en,299 days,Sommersemester 14,Tuesday,2014-05-27,47
69,Inside Llewyn Davis,Inside Llewyn Davis,2013-10-18,7.196,"['Drama', 'Music']",11000000.0,104.0,en,222 days,Sommersemester 14,Wednesday,2014-05-28,15
70,Metropia,Metropia,2009-10-21,6.0,"['Animation', 'Drama', 'Science Fiction', 'Thriller']",5060730.0,86.0,en,1686 days,Sommersemester 14,Tuesday,2014-06-03,12
71,Fack ju Göhte,Suck Me Shakespeer,2013-11-07,7.02,['Comedy'],5000000.0,119.0,de,209 days,Sommersemester 14,Wednesday,2014-06-04,226
72,Antboy,Antboy,2013-09-07,5.6,"['Comedy', 'Adventure', 'Family']",0.0,77.0,da,283 days,Sommersemester 14,Tuesday,2014-06-17,2
73,Der Schaum der Tage,Mood Indigo,2013-01-10,6.155,"['Drama', 'Fantasy']",16040770.0,130.0,fr,530 days,Sommersemester 14,Tuesday,2014-06-24,10
74,Mohnblumenberg,From Up on Poppy Hill,2011-07-16,7.533,"['Animation', 'Drama']",22000000.0,91.0,ja,1081 days,Sommersemester 14,Tuesday,2014-07-01,32
75,Kill your Darlings,Kill Your Darlings,2013-06-10,7.093,"['Drama', 'Romance', 'Thriller']",5600000.0,104.0,en,387 days,Sommersemester 14,Wednesday,2014-07-02,9
76,Alphabet,Alphabet,2013-10-31,7.0,['Documentary'],0.0,113.0,de,250 days,Sommersemester 14,Tuesday,2014-07-08,18
77,Renoir,Renoir,2012-07-02,6.3,"['Drama', 'Romance']",0.0,111.0,fr,737 days,Sommersemester 14,Wednesday,2014-07-09,5
78,Blau ist eine warme Farbe,Blue Is the Warmest Color,2013-10-09,7.088,"['Romance', 'Drama']",4300000.0,180.0,fr,280 days,Sommersemester 14,Wednesday,2014-07-16,24
79,Rocketman,Rocketman,2019-05-17,7.325,"['Music', 'Drama']",40000000.0,121.0,en,165 days,Wintersemester 1920,Tuesday,2019-10-29,93
80,Absolute Giganten,Gigantic,1999-09-30,7.7,"['Drama', 'Comedy']",0.0,80.0,de,7335 days,Wintersemester 1920,Wednesday,2019-10-30,7
81,Tanz der Teufel 2,Evil Dead II,1987-03-13,7.548,"['Horror', 'Comedy', 'Fantasy']",3500000.0,84.0,en,11920 days,Wintersemester 1920,Thursday,2019-10-31,52
82,Meisterdetektiv Pikachu,Pokémon Detective Pikachu,2019-05-03,6.936,"['Action', 'Adventure', 'Fantasy']",150000000.0,105.0,en,186 days,Wintersemester 1920,Tuesday,2019-11-05,93
83,Chris the Swiss,Chris the Swiss,2018-10-03,6.88,"['Animation', 'Documentary']",0.0,90.0,de,399 days,Wintersemester 1920,Wednesday,2019-11-06,7
84,The Villainess,The Villainess,2017-06-08,6.869,"['Action', 'Crime', 'Drama', 'Thriller']",125000.0,129.0,ko,882 days,Wintersemester 1920,Thursday,2019-11-07,21
85,One Cut of the Dead,One Cut of the Dead,2017-11-04,7.62,"['Comedy', 'Horror']",52406.0,96.0,ja,740 days,Wintersemester 1920,Thursday,2019-11-14,40
86,The Hate U Give,The Hate U Give,2018-10-19,8.135,"['Crime', 'Drama']",23000000.0,133.0,en,396 days,Wintersemester 1920,Tuesday,2019-11-19,86
87,Ghost in the Shell,Ghost in the Shell,1995-11-18,7.9,"['Action', 'Animation', 'Science Fiction']",3000000.0,82.0,ja,8768 days,Wintersemester 1920,Wednesday,2019-11-20,60
88,Free Solo,Free Solo,2018-09-28,7.912,"['Documentary', 'Adventure']",0.0,100.0,en,419 days,Wintersemester 1920,Thursday,2019-11-21,54
89,Lord of the Toys,Lord of the Toys,2019-05-23,7.02,"['Documentary', 'Drama']",0.0,95.0,de,187 days,Wintersemester 1920,Tuesday,2019-11-26,85
90,Der schwarze Engel,The Black Angel,1974-05-07,6.96,['Drama'],0.0,72.0,de,16640 days,Wintersemester 1920,Wednesday,2019-11-27,5
91,Five Fingers for Marseilles,Five Fingers for Marseilles,2018-04-06,5.6,"['Western', 'Drama', 'Thriller']",1000000.0,121.0,en,601 days,Wintersemester 1920,Thursday,2019-11-28,9
92,More than Honey,More Than Honey,2012-08-11,7.2,['Documentary'],0.0,90.0,de,2670 days,Wintersemester 1920,Tuesday,2019-12-03,31
93,Das schönste Mädchen der Welt,The Most Beautiful Girl in the World,2018-09-06,7.4,"['Comedy', 'Romance', 'Drama', 'Music']",0.0,102.0,de,455 days,Wintersemester 1920,Thursday,2019-12-05,14
94,The Broken Circle,The Broken Circle Breakdown,2012-10-09,7.7,['Drama'],0.0,112.0,nl,2618 days,Wintersemester 1920,Tuesday,2019-12-10,13
95,They Shall Not Grow Old,They Shall Not Grow Old,2018-11-09,7.8,"['Documentary', 'History', 'War']",0.0,99.0,en,397 days,Wintersemester 1920,Wednesday,2019-12-11,56
96,Mr. Nobody,Mr. Nobody,2009-11-06,7.821,"['Science Fiction', 'Drama', 'Romance']",47000000.0,141.0,en,3693 days,Wintersemester 1920,Tuesday,2019-12-17,20
97,Boy and the World,Boy & the World,2014-01-17,7.266,"['Animation', 'Adventure', 'Family']",0.0,80.0,pt,2161 days,Wintersemester 1920,Wednesday,2019-12-18,9
98,(500) Days of Summer,(500) Days of Summer,2009-07-17,7.282,"['Comedy', 'Drama', 'Romance']",7500000.0,95.0,en,270 days,Sommersemester 10,Tuesday,2010-04-13,75
99,Das weiße Band,The White Ribbon,2009-09-24,7.5,"['Drama', 'Mystery']",21555450.0,144.0,de,202 days,Sommersemester 10,Wednesday,2010-04-14,87
100,Louise Hires A Contract Killer,Louise-Michel,2008-09-23,6.2,['Comedy'],0.0,94.0,fr,575 days,Sommersemester 10,Wednesday,2010-04-21,51
101,Let's Make Money,Let's Make Money,2008-10-30,7.5,['Documentary'],0.0,110.0,en,544 days,Sommersemester 10,Tuesday,2010-04-27,73
102,Stille Hochzeit - Zum Teufel mit Stalin!,Silent Wedding,2008-11-21,7.2,"['Comedy', 'Drama', 'History']",0.0,87.0,ro,529 days,Sommersemester 10,Tuesday,2010-05-04,34
103,It Might Get Loud,It Might Get Loud,2008-09-05,7.152,"['Documentary', 'Music']",0.0,97.0,en,607 days,Sommersemester 10,Wednesday,2010-05-05,48
104,Love Exposure,Love Exposure,2009-01-31,7.959,"['Action', 'Comedy', 'Drama', 'Romance']",0.0,237.0,ja,466 days,Sommersemester 10,Wednesday,2010-05-12,36
105,Big Fish *,Big Fish,2003-12-25,7.758,"['Adventure', 'Fantasy', 'Drama']",70000000.0,125.0,en,2337 days,Sommersemester 10,Wednesday,2010-05-19,67
106,Verfolgt,Punish Me,2006-08-06,4.8,['Drama'],0.0,87.0,de,1395 days,Sommersemester 10,Tuesday,2010-06-01,15
107,"Männer, die auf Ziegen starren",The Men Who Stare at Goats,2009-10-17,5.983,"['Comedy', 'War']",24000000.0,94.0,en,228 days,Sommersemester 10,Wednesday,2010-06-02,129
108,Nord,North,2009-02-06,6.5,"['Comedy', 'Drama']",0.0,78.0,no,488 days,Sommersemester 10,Wednesday,2010-06-09,14
109,The Imaginarium Of Doctor Parnassus *,The Imaginarium of Doctor Parnassus,2009-10-01,6.381,"['Adventure', 'Fantasy', 'Mystery']",30000000.0,123.0,en,258 days,Sommersemester 10,Wednesday,2010-06-16,110
110,The Art Of Being Straight,The Art of Being Straight,2009-06-05,4.3,"['Drama', 'Comedy', 'Romance']",0.0,68.0,en,382 days,Sommersemester 10,Tuesday,2010-06-22,22
111,Tulpan,Tulpan,2009-03-04,6.3,"['Drama', 'Comedy', 'Romance']",0.0,100.0,kk,476 days,Sommersemester 10,Wednesday,2010-06-23,2
112,Mr. Magoriums Wunderladen *,Mr. Magorium's Wonder Emporium,2007-11-14,6.217,"['Family', 'Fantasy', 'Comedy']",65000000.0,93.0,en,965 days,Sommersemester 10,Tuesday,2010-07-06,14
113,The Age Of Stupid,The Age of Stupid,2009-09-21,6.4,"['War', 'Documentary', 'History']",0.0,92.0,en,296 days,Sommersemester 10,Wednesday,2010-07-14,21
114,The Batman,The Batman,2022-03-01,7.7,"['Crime', 'Mystery', 'Thriller']",185000000.0,177.0,en,238 days,Wintersemester 2223,Tuesday,2022-10-25,21
115,The Innocents,The Innocents,1961-12-15,7.453,"['Horror', 'Mystery']",0.0,100.0,en,22230 days,Wintersemester 2223,Wednesday,2022-10-26,14
116,Revolution of Our Times,Revolution of Our Times,2021-11-22,8.3,['Documentary'],0.0,152.0,cn,345 days,Wintersemester 2223,Wednesday,2022-11-02,30
117,The Worst Person in the World,The Worst Person in the World,2021-10-13,7.527,"['Drama', 'Romance', 'Comedy']",5000000.0,128.0,no,391 days,Wintersemester 2223,Tuesday,2022-11-08,16
118,Elvis,Elvis,2022-06-22,7.54,"['Drama', 'Music', 'History']",85000000.0,159.0,en,146 days,Wintersemester 2223,Tuesday,2022-11-15,34
119,Moulin Rouge!,Moulin Rouge!,2001-05-24,7.568,"['Drama', 'Romance', 'Music']",52500000.0,128.0,en,7846 days,Wintersemester 2223,Wednesday,2022-11-16,39
120,C'mon C'mon,C'mon C'mon,2021-11-19,7.253,['Drama'],8300000.0,109.0,en,369 days,Wintersemester 2223,Wednesday,2022-11-23,8
121,The Unbearable Weight of Massive Talent,The Unbearable Weight of Massive Talent,2022-04-20,6.767,"['Action', 'Comedy', 'Crime']",30000000.0,107.0,en,223 days,Wintersemester 2223,Tuesday,2022-11-29,7
122,Dogville,Dogville,2003-05-21,7.771,"['Crime', 'Drama', 'Thriller']",10000000.0,178.0,en,7133 days,Wintersemester 2223,Wednesday,2022-11-30,7
123,Das Ereignis,Cemetery Junction,2010-04-14,6.5,"['Drama', 'Comedy']",0.0,94.0,en,4619 days,Wintersemester 2223,Tuesday,2022-12-06,6
124,Moneyboys,Moneyboys,2021-11-19,6.6,['Drama'],0.0,116.0,zh,383 days,Wintersemester 2223,Wednesday,2022-12-07,3
125,The Electrical Life of Louis Wain,The Electrical Life of Louis Wain,2021-10-21,6.929,"['Drama', 'History', 'Comedy']",0.0,111.0,en,418 days,Wintersemester 2223,Tuesday,2022-12-13,10
126,"Das Licht, aus dem die Träume sind",Last Film Show,2022-01-06,7.3,['Drama'],2000000.0,110.0,gu,342 days,Wintersemester 2223,Wednesday,2022-12-14,4
127,Everything Everywhere All At Once,Everything Everywhere All at Once,2022-03-24,7.8,"['Action', 'Adventure', 'Science Fiction']",25000000.0,140.0,en,292 days,Wintersemester 2223,Tuesday,2023-01-10,68
128,Rabiye Kurnaz vs. George W. Bush,Rabiye Kurnaz vs. George W. Bush,2022-04-28,6.348,"['Drama', 'History']",0.0,119.0,de,264 days,Wintersemester 2223,Tuesday,2023-01-17,3
129,Der beste Film aller Zeiten,Official Competition,2021-09-04,6.7,"['Comedy', 'Drama']",0.0,114.0,es,501 days,Wintersemester 2223,Wednesday,2023-01-18,1
130,Vertigo,Vertigo,1958-05-28,8.168,"['Mystery', 'Romance', 'Thriller']",2479000.0,129.0,en,23612 days,Wintersemester 2223,Thursday,2023-01-19,10
131,Tomorrow - Die Welt ist voller Lösungen,Tomorrow,2015-11-15,7.8,['Documentary'],0.0,118.0,fr,2627 days,Wintersemester 2223,Tuesday,2023-01-24,9
132,Top Gun: Maverick,Top Gun: Maverick,2022-05-21,8.221,"['Action', 'Drama']",170000000.0,131.0,en,250 days,Wintersemester 2223,Thursday,2023-01-26,2
133,Wo in Paris die Sonne aufgeht,"Paris, 13th District",2021-11-03,6.9,"['Drama', 'Romance']",0.0,106.0,fr,454 days,Wintersemester 2223,Tuesday,2023-01-31,4
134,Triangle of Sadness,Triangle of Sadness,2022-09-18,7.1,"['Comedy', 'Drama']",15600000.0,147.0,en,136 days,Wintersemester 2223,Wednesday,2023-02-01,30
135,Vortex,Vortex,2022-01-27,7.154,['Drama'],0.0,142.0,fr,376 days,Wintersemester 2223,Tuesday,2023-02-07,2
136,Men,Men,2022-05-20,6.141,"['Horror', 'Thriller', 'Fantasy']",6500000.0,100.0,en,264 days,Wintersemester 2223,Wednesday,2023-02-08,13
137,Soul Kitchen,Soul Kitchen,2009-09-09,6.882,"['Drama', 'Comedy']",4000000.0,99.0,de,406 days,Wintersemester 1011,Wednesday,2010-10-20,95
138,Up in the Air,Up in the Air,2009-12-04,6.867,"['Drama', 'Romance']",25000000.0,110.0,en,326 days,Wintersemester 1011,Tuesday,2010-10-26,61
139,Vincent will meer,Vincent Wants to Sea,2010-04-21,6.757,['Drama'],0.0,96.0,de,195 days,Wintersemester 1011,Tuesday,2010-11-02,203
140,"Marcello, Marcello",Marcello Mastroianni: I Remember,1997-09-10,7.26,['Documentary'],0.0,198.0,it,4802 days,Wintersemester 1011,Wednesday,2010-11-03,27
141,Versailles,Versailles,2008-05-19,6.2,['Drama'],0.0,113.0,fr,904 days,Wintersemester 1011,Tuesday,2010-11-09,50
142,Shutter Island,Shutter Island,2010-02-14,8.203,"['Drama', 'Thriller', 'Mystery']",80000000.0,138.0,en,269 days,Wintersemester 1011,Wednesday,2010-11-10,247
143,David wants to fly,David Wants to Fly,2010-05-06,6.8,['Documentary'],0.0,96.0,en,194 days,Wintersemester 1011,Tuesday,2010-11-16,21
144,Moon,Moon,2009-06-12,7.568,"['Science Fiction', 'Drama']",5000000.0,97.0,en,523 days,Wintersemester 1011,Wednesday,2010-11-17,87
145,La Nana - Die Perle,The Maid,2009-08-13,6.7,"['Drama', 'Comedy']",0.0,97.0,es,474 days,Wintersemester 1011,Tuesday,2010-11-30,29
146,Pee-wee's Big Adventure,Pee-wee's Big Adventure,1985-07-26,6.4,"['Comedy', 'Adventure']",6000000.0,91.0,en,9259 days,Wintersemester 1011,Wednesday,2010-12-01,13
147,Gordos,Fat People,2009-09-11,6.1,"['Drama', 'Comedy']",0.0,114.0,es,452 days,Wintersemester 1011,Tuesday,2010-12-07,31
148,A Single Man,A Single Man,2009-12-11,7.291,"['Drama', 'Romance']",7000000.0,97.0,en,368 days,Wintersemester 1011,Tuesday,2010-12-14,48
149,"Renn, wenn Du kannst",Run If You Can,2010-07-28,6.824,['Drama'],0.0,112.0,de,140 days,Wintersemester 1011,Wednesday,2010-12-15,48
150,Die Beschissenheit der Dinge,The Misfortunates,2009-10-07,7.21,"['Drama', 'Comedy']",0.0,108.0,nl,462 days,Wintersemester 1011,Wednesday,2011-01-12,104
151,The Messenger - Die letzte Nachricht,The Messenger,2009-11-13,6.73,"['Drama', 'Romance']",6500000.0,113.0,en,431 days,Wintersemester 1011,Tuesday,2011-01-18,35
152,Die Fremde,When We Leave,2010-03-11,6.9,"['Drama', 'Family']",0.0,119.0,de,320 days,Wintersemester 1011,Tuesday,2011-01-25,22
153,Micmacs - Uns gehört Paris!,Micmacs,2009-10-28,6.603,"['Action', 'Comedy', 'Crime']",33000000.0,100.0,fr,455 days,Wintersemester 1011,Wednesday,2011-01-26,50
154,Crazy Heart,Crazy Heart,2009-12-16,6.9,"['Drama', 'Music', 'Romance']",7000000.0,112.0,en,420 days,Wintersemester 1011,Wednesday,2011-02-09,42
155,Precious,Precious,2009-11-06,7.331,['Drama'],10000000.0,110.0,en,466 days,Wintersemester 1011,Tuesday,2011-02-15,76
156,Herr Lehmann,Berlin Blues,2003-10-01,6.9,"['Comedy', 'Drama']",0.0,105.0,de,755 days,Wintersemester 0506,Tuesday,2005-10-25,73
157,Die Fetten Jahre sind vorbei,The Edukators,2004-10-25,7.2,"['Drama', 'Comedy']",0.0,127.0,de,367 days,Wintersemester 0506,Thursday,2005-10-27,77
158,Per Anhalter durch die Galaxis,The Hitchhiker's Guide to the Galaxy,2005-04-28,6.673,"['Adventure', 'Comedy', 'Science Fiction']",50000000.0,109.0,en,188 days,Wintersemester 0506,Wednesday,2005-11-02,122
159,Hotel Ruanda,Hotel Rwanda,2004-12-22,7.716,"['Drama', 'History', 'War']",17500000.0,121.0,en,321 days,Wintersemester 0506,Tuesday,2005-11-08,132
160,City of God,City of God,2002-08-30,8.43,"['Drama', 'Crime']",3300000.0,130.0,pt,1167 days,Wintersemester 0506,Wednesday,2005-11-09,93
161,Before Sunrise,Before Sunrise,1995-01-27,8.0,"['Drama', 'Romance']",2500000.0,101.0,en,3945 days,Wintersemester 0506,Tuesday,2005-11-15,116
162,Before Sunset,Before Sunset,2004-06-16,7.8,"['Drama', 'Romance']",2700000.0,80.0,en,518 days,Wintersemester 0506,Wednesday,2005-11-16,88
163,It's in the water,It's in the Water,1997-01-30,5.8,"['Romance', 'Comedy']",0.0,100.0,en,3218 days,Wintersemester 0506,Tuesday,2005-11-22,15
164,Requiem for a dream,Requiem for a Dream,2000-10-06,8.019,"['Crime', 'Drama']",4500000.0,102.0,en,1874 days,Wintersemester 0506,Wednesday,2005-11-23,94
165,Jonny Vang,Jonny Vang,2003-02-14,5.6,"['Comedy', 'Drama']",0.0,85.0,no,1020 days,Wintersemester 0506,Wednesday,2005-11-30,29
166,Alles auf Zucker,Go for Zucker,2004-12-31,6.4,['Comedy'],0.0,91.0,de,341 days,Wintersemester 0506,Wednesday,2005-12-07,58
167,Long Walk Home,The Long Walk Home,1990-12-21,7.4,"['Drama', 'History']",0.0,97.0,en,5471 days,Wintersemester 0506,Tuesday,2005-12-13,40
168,Zimt und Koriander,A Touch of Spice,2003-10-24,6.578,"['Comedy', 'Drama']",0.0,108.0,el,782 days,Wintersemester 0506,Wednesday,2005-12-14,102
169,Grüne Tomaten,Fried Green Tomatoes,1991-12-27,7.703,"['Drama', 'Comedy']",11000000.0,130.0,en,5108 days,Wintersemester 0506,Wednesday,2005-12-21,37
170,Schwarze Katze - weißer Kater,"Black Cat, White Cat",1998-06-01,7.693,"['Comedy', 'Romance', 'Crime']",0.0,127.0,sr,2781 days,Wintersemester 0506,Wednesday,2006-01-11,67
171,No Man's Land,No Man's Land,1987-10-23,6.0,"['Action', 'Drama', 'Crime']",8000000.0,106.0,en,6661 days,Wintersemester 0506,Tuesday,2006-01-17,67
172,Broken Flowers,Broken Flowers,2005-08-05,6.9,"['Comedy', 'Drama', 'Mystery', 'Romance']",10000000.0,106.0,en,166 days,Wintersemester 0506,Wednesday,2006-01-18,123
173,One day in Europe,One Day in Europe,2005-04-01,6.19,['Comedy'],0.0,95.0,en,299 days,Wintersemester 0506,Wednesday,2006-01-25,142
174,Die Blechtrommel,The Tin Drum,1979-05-02,6.968,"['Drama', 'History', 'War']",3000000.0,162.0,de,9772 days,Wintersemester 0506,Wednesday,2006-02-01,61
175,Der neunte Tag,The Ninth Day,2004-08-05,6.3,['Drama'],0.0,98.0,de,551 days,Wintersemester 0506,Tuesday,2006-02-07,34
176,Elizabeth,Elizabeth,1998-09-13,7.181,"['Drama', 'History']",30000000.0,124.0,en,2711 days,Wintersemester 0506,Tuesday,2006-02-14,15
177,Die Bettlektüre,The Pillow Book,1995-09-01,6.443,"['Drama', 'Romance']",0.0,126.0,en,3820 days,Wintersemester 0506,Wednesday,2006-02-15,29
178,21 Gramm,21 Grams,2003-09-06,7.335,"['Drama', 'Crime', 'Thriller']",20000000.0,124.0,en,899 days,Wintersemester 0506,Tuesday,2006-02-21,21
179,Das Mädchen mit dem Perlenohrring,Girl with a Pearl Earring,2003-12-12,6.598,"['Drama', 'Romance']",10500000.0,101.0,en,803 days,Wintersemester 0506,Wednesday,2006-02-22,92
180,3 Zimmer / Küche / Bad,Move,2012-10-03,6.5,['Comedy'],0.0,118.0,de,371 days,Wintersemester 1314,Wednesday,2013-10-09,2
181,Oh Boy,A Coffee in Berlin,2012-11-01,7.1,"['Drama', 'Comedy']",300000.0,88.0,de,348 days,Wintersemester 1314,Tuesday,2013-10-15,72
182,Der Große Gatsby,The Great Gatsby,2013-05-09,7.371,"['Drama', 'Romance']",105000000.0,143.0,en,160 days,Wintersemester 1314,Wednesday,2013-10-16,142
183,Zero Dark Thirty,Zero Dark Thirty,2012-12-19,6.987,"['Thriller', 'Drama']",40000000.0,157.0,en,307 days,Wintersemester 1314,Tuesday,2013-10-22,56
184,Der Tag wird kommen,The Big Night,2012-06-06,5.8,['Comedy'],0.0,92.0,fr,504 days,Wintersemester 1314,Wednesday,2013-10-23,9
185,Mademoiselle Populaire,Populaire,2012-11-27,6.7,"['Comedy', 'Romance']",0.0,111.0,fr,336 days,Wintersemester 1314,Tuesday,2013-10-29,13
186,Berberian Sound Studio,Berberian Sound Studio,2012-08-30,6.1,"['Horror', 'Drama', 'Thriller']",0.0,92.0,en,426 days,Wintersemester 1314,Wednesday,2013-10-30,13
187,Das Leben ist nichts für Feiglinge,Life Is Not for Cowards,2013-04-18,6.2,"['Comedy', 'Drama']",0.0,98.0,de,202 days,Wintersemester 1314,Wednesday,2013-11-06,32
188,Hitchcock,Hitchcock,2012-11-22,6.6,['Drama'],15700000.0,98.0,en,356 days,Wintersemester 1314,Wednesday,2013-11-13,45
189,Ginger & Rosa,Ginger and Fred,1986-01-13,6.9,"['Comedy', 'Drama']",0.0,125.0,it,10179 days,Wintersemester 1314,Tuesday,2013-11-26,20
190,The Legend of Kaspar Hauser,The Legend of Kaspar Hauser,2013-06-13,5.8,"['Comedy', 'Mystery', 'Science Fiction', 'Western']",2000000.0,95.0,it,173 days,Wintersemester 1314,Tuesday,2013-12-03,5
191,Elysium,Elysium,2013-08-07,6.506,"['Science Fiction', 'Action', 'Drama', 'Thriller']",115000000.0,109.0,en,119 days,Wintersemester 1314,Wednesday,2013-12-04,67
192,Darwins Alptraum,Darwin's Nightmare,2005-01-21,7.0,['Documentary'],0.0,107.0,en,3245 days,Wintersemester 1314,Tuesday,2013-12-10,34
193,The Grandmaster,The Grandmaster,2013-01-10,6.605,"['Action', 'Drama', 'History']",3860000.0,130.0,zh,335 days,Wintersemester 1314,Wednesday,2013-12-11,15
194,Die Kunst sich die Schuhe zu binden,The Importance of Tying Your Own Shoes,2011-03-18,6.419,"['Drama', 'Comedy']",950000.0,96.0,sv,1005 days,Wintersemester 1314,Tuesday,2013-12-17,15
195,Albert Nobbs,Albert Nobbs,2011-12-21,6.325,['Drama'],8000000.0,113.0,en,728 days,Wintersemester 1314,Wednesday,2013-12-18,1
196,Ich - Einfach Unverbesserlich 2,Despicable Me 2,2013-06-26,6.9,"['Animation', 'Comedy', 'Family']",76000000.0,98.0,en,195 days,Wintersemester 1314,Tuesday,2014-01-07,63
197,An ihrer Stelle,Fill the Void,2012-07-01,6.5,['Drama'],0.0,90.0,he,556 days,Wintersemester 1314,Wednesday,2014-01-08,1
198,Am Ende eines viel zu kurzen Tages,Death of a Superhero,2011-05-04,6.9,['Drama'],3.0,97.0,en,986 days,Wintersemester 1314,Tuesday,2014-01-14,21
199,Frances Ha,Frances Ha,2013-05-17,7.399,"['Comedy', 'Drama']",0.0,86.0,en,243 days,Wintersemester 1314,Wednesday,2014-01-15,5
200,Prince Avalanche,Prince Avalanche,2013-02-13,6.129,"['Comedy', 'Drama']",725000.0,94.0,en,343 days,Wintersemester 1314,Wednesday,2014-01-22,17
201,No Place on Earth,No Place on Earth,2012-09-10,6.7,"['Documentary', 'War']",0.0,81.0,en,505 days,Wintersemester 1314,Tuesday,2014-01-28,27
202,Paulette,Paulette,2012-10-04,6.457,"['Crime', 'Comedy']",0.0,87.0,fr,482 days,Wintersemester 1314,Wednesday,2014-01-29,38
203,Die Unfassbaren – Now you see me,Now You See Me,2013-05-29,7.342,"['Thriller', 'Crime']",75000000.0,116.0,en,252 days,Wintersemester 1314,Wednesday,2014-02-05,25
204,Fliegende Liebende,I'm So Excited!,2013-03-08,5.719,['Comedy'],5000000.0,90.0,es,340 days,Wintersemester 1314,Tuesday,2014-02-11,18
205,Feuchtgebiete,Wetlands,2013-08-22,5.25,"['Drama', 'Comedy']",0.0,109.0,de,174 days,Wintersemester 1314,Wednesday,2014-02-12,26
206,5 Zimmer Küche Sarg,What We Do in the Shadows,2014-06-19,7.576,"['Comedy', 'Horror']",1600000.0,86.0,en,131 days,Wintersemester 1415,Tuesday,2014-10-28,112
207,Good Morning Vietnam,"Good Morning, Vietnam",1987-12-23,7.311,"['Comedy', 'Drama', 'War']",13000000.0,121.0,en,9813 days,Wintersemester 1415,Tuesday,2014-11-04,50
208,Blackfish,Blackfish,2013-06-07,7.864,['Documentary'],0.0,83.0,en,536 days,Wintersemester 1415,Tuesday,2014-11-25,12
209,Much Ado about nothing,Much Ado About Nothing,1993-05-07,6.958,"['Drama', 'Comedy', 'Romance']",11000000.0,111.0,en,7873 days,Wintersemester 1415,Wednesday,2014-11-26,27
210,Zulu,Zulu,1964-01-22,7.384,"['Action', 'Drama', 'History', 'War']",1720000.0,138.0,en,18578 days,Wintersemester 1415,Wednesday,2014-12-03,18
211,Die Karte meiner Träume,The Young and Prodigious T.S. Spivet,2013-10-16,6.818,"['Adventure', 'Drama', 'Family']",33000000.0,105.0,en,426 days,Wintersemester 1415,Tuesday,2014-12-16,28
212,Jack und das Kuckucksuhrherz,Jack and the Cuckoo-Clock Heart,2014-02-05,7.219,"['Animation', 'Romance', 'Adventure', 'Drama', 'Fantasy']",33746302.0,94.0,fr,315 days,Wintersemester 1415,Wednesday,2014-12-17,17
213,Enemy,Enemy,2014-03-14,6.877,"['Thriller', 'Mystery']",0.0,91.0,en,298 days,Wintersemester 1415,Tuesday,2015-01-06,35
214,Splice,Splice,2010-06-03,5.872,"['Horror', 'Science Fiction']",26000000.0,104.0,en,1679 days,Wintersemester 1415,Wednesday,2015-01-07,28
215,Saving Mr. Banks,Saving Mr. Banks,2013-11-29,7.3,"['Comedy', 'Drama', 'History']",35000000.0,125.0,en,410 days,Wintersemester 1415,Tuesday,2015-01-13,26
216,Guardians of the Galaxy,Guardians of the Galaxy,2014-07-30,7.908,"['Action', 'Science Fiction', 'Adventure']",170000000.0,121.0,en,174 days,Wintersemester 1415,Tuesday,2015-01-20,119
217,Snowpiercer,Snowpiercer,2013-08-01,6.903,"['Action', 'Science Fiction', 'Drama']",39200000.0,127.0,ko,544 days,Wintersemester 1415,Tuesday,2015-01-27,38
218,American hustle,American Hustle,2013-12-03,6.853,"['Drama', 'Crime']",40000000.0,138.0,en,427 days,Wintersemester 1415,Tuesday,2015-02-03,16
219,Gott verhüte,The Priest's Children,2013-01-03,6.3,"['Comedy', 'Drama']",1750000.0,93.0,hr,768 days,Wintersemester 1415,Tuesday,2015-02-10,33
220,Bohemian Rhapsody,Bohemian Rhapsody,2018-10-24,7.988,"['Music', 'Drama']",52000000.0,135.0,en,167 days,Sommersemester 19,Tuesday,2019-04-09,276
221,Requiem for a Dream,Requiem for a Dream,2000-10-06,8.019,"['Crime', 'Drama']",4500000.0,102.0,en,6760 days,Sommersemester 19,Wednesday,2019-04-10,17
222,Zabriskie Point,Zabriskie Point,1970-03-26,7.105,['Drama'],7000000.0,113.0,en,17913 days,Sommersemester 19,Thursday,2019-04-11,3
223,Blue My Mind,Blue My Mind,2017-10-02,6.7,"['Fantasy', 'Drama']",0.0,97.0,de,561 days,Sommersemester 19,Tuesday,2019-04-16,17
224,Transit,Transit,2018-04-05,6.694,['Drama'],0.0,102.0,de,377 days,Sommersemester 19,Wednesday,2019-04-17,14
225,Dave made a Maze,Dave Made a Maze,2017-08-18,6.4,"['Comedy', 'Adventure', 'Horror', 'Fantasy']",0.0,80.0,en,613 days,Sommersemester 19,Tuesday,2019-04-23,19
226,Soylent Green,Soylent Green,1973-04-18,6.951,"['Science Fiction', 'Thriller']",0.0,97.0,en,16807 days,Sommersemester 19,Wednesday,2019-04-24,34
227,McQueen,McQueen,2018-06-08,7.5,['Documentary'],0.0,111.0,en,321 days,Sommersemester 19,Thursday,2019-04-25,50
228,Why Are we Creative?,Why Are We Creative?: The Centipede's Dilemma,2018-09-07,6.68,['Documentary'],0.0,84.0,de,235 days,Sommersemester 19,Tuesday,2019-04-30,56
229,Leave no Trace,Leave No Trace,2018-06-29,6.787,['Drama'],0.0,109.0,en,307 days,Sommersemester 19,Thursday,2019-05-02,17
230,Welcome to Sodom,Welcome to Sodom,2018-03-20,7.0,['Documentary'],0.0,92.0,en,414 days,Sommersemester 19,Wednesday,2019-05-08,54
231,American Animals,American Animals,2018-06-01,6.763,"['Drama', 'Crime', 'Documentary']",3000000.0,117.0,en,342 days,Sommersemester 19,Thursday,2019-05-09,24
232,Mutafukaz,MFKZ,2018-05-23,7.1,"['Science Fiction', 'Animation', 'Action', 'Crime', 'Comedy']",0.0,95.0,fr,356 days,Sommersemester 19,Tuesday,2019-05-14,23
233,Kirschblüten und rote Bohnen,Sweet Bean,2015-05-30,7.465,['Drama'],0.0,113.0,ja,1446 days,Sommersemester 19,Wednesday,2019-05-15,23
234,Mandy,Mandy,2018-09-13,6.2,"['Fantasy', 'Action', 'Horror']",6000000.0,122.0,en,245 days,Sommersemester 19,Thursday,2019-05-16,30
235,Das wandelnde Schloss,Howl's Moving Castle,2004-09-09,8.4,"['Fantasy', 'Animation', 'Adventure']",24000000.0,119.0,ja,5368 days,Sommersemester 19,Wednesday,2019-05-22,95
236,Mid90s,mid90s,2018-10-19,7.5,"['Drama', 'Comedy']",1700000.0,86.0,en,216 days,Sommersemester 19,Thursday,2019-05-23,37
237,Styx,Styx,2018-09-13,6.4,['Drama'],0.0,94.0,de,257 days,Sommersemester 19,Tuesday,2019-05-28,13
238,Tomorrow,Tomorrow,2014-09-20,7.12,"['Drama', 'Romance']",0.0,13.0,en,1717 days,Sommersemester 19,Monday,2019-06-03,12
239,Donbass,Donbass,2016-03-09,6.92,['Documentary'],0.0,57.0,fr,1182 days,Sommersemester 19,Tuesday,2019-06-04,12
240,Love Simon,"Love, Simon",2018-02-16,8.019,"['Comedy', 'Drama', 'Romance']",17000000.0,110.0,en,487 days,Sommersemester 19,Tuesday,2019-06-18,77
241,The House that Jack Built,The House That Jack Built,2018-07-05,7.1,"['Drama', 'Horror', 'Crime', 'Thriller']",9800000.0,151.0,en,349 days,Sommersemester 19,Wednesday,2019-06-19,29
242,Phantastische Tierwesen 2,Fantastic Beasts: The Crimes of Grindelwald,2018-11-14,6.9,"['Fantasy', 'Adventure']",200000000.0,134.0,en,223 days,Sommersemester 19,Tuesday,2019-06-25,59
243,Glücklich wie Lazzaro,Happy as Lazzaro,2018-05-31,7.402,"['Drama', 'Fantasy']",0.0,128.0,it,392 days,Sommersemester 19,Thursday,2019-06-27,5
244,The Favourite,The Favourite,2018-11-23,7.516,"['Drama', 'Comedy', 'Thriller']",15000000.0,120.0,en,221 days,Sommersemester 19,Tuesday,2019-07-02,38
245,MIA,Mia,2017-12-17,6.333,"['Drama', 'Documentary']",0.0,11.0,es,563 days,Sommersemester 19,Wednesday,2019-07-03,12
246,Perfect Blue,Perfect Blue,1998-02-28,8.3,"['Animation', 'Thriller']",830000.0,82.0,ja,7796 days,Sommersemester 19,Thursday,2019-07-04,24
247,Beautiful Boy,Beautiful Boy,2018-10-12,7.558,['Drama'],25000000.0,119.0,en,270 days,Sommersemester 19,Tuesday,2019-07-09,29
248,Shoplifters,Shoplifters,2018-06-02,7.864,"['Drama', 'Crime', 'Thriller']",0.0,120.0,ja,404 days,Sommersemester 19,Thursday,2019-07-11,20
249,Donnie Darko,Donnie Darko,2001-01-19,7.779,"['Fantasy', 'Drama', 'Mystery']",4500000.0,114.0,en,7586 days,Wintersemester 2122,Wednesday,2021-10-27,32
250,Capernaum,Capernaum,2018-09-20,8.156,['Drama'],4000000.0,126.0,ar,1154 days,Wintersemester 2122,Wednesday,2021-11-17,18
251,The Farewell,The Farewell,2019-07-12,7.438,"['Comedy', 'Drama']",250300.0,100.0,en,866 days,Wintersemester 2122,Wednesday,2021-11-24,12
252,R.E.D.,RED,2010-10-13,6.697,"['Action', 'Adventure', 'Comedy', 'Crime', 'Thriller']",58000000.0,111.0,en,181 days,Sommersemester 11,Tuesday,2011-04-12,63
253,Der kleine Nick,Little Nicholas,2009-09-30,6.049,['Comedy'],22700000.0,91.0,fr,560 days,Sommersemester 11,Wednesday,2011-04-13,46
254,We want Sex,Made in Dagenham,2010-10-01,6.681,"['Comedy', 'Drama', 'History']",7200000.0,113.0,en,200 days,Sommersemester 11,Tuesday,2011-04-19,46
255,22 Bullets,22 Bullets,2010-03-23,6.676,"['Drama', 'Crime', 'Thriller']",24000000.0,117.0,fr,393 days,Sommersemester 11,Wednesday,2011-04-20,29
256,The Road,The Road,2009-11-25,7.003,"['Adventure', 'Drama']",32000000.0,111.0,en,517 days,Sommersemester 11,Tuesday,2011-04-26,22
257,The Social Network,The Social Network,2010-10-01,7.4,['Drama'],40000000.0,121.0,en,208 days,Sommersemester 11,Wednesday,2011-04-27,216
258,Nowhere Boy,Nowhere Boy,2009-12-25,7.171,['Drama'],0.0,98.0,en,501 days,Sommersemester 11,Tuesday,2011-05-10,50
259,Summer Wars,Summer Wars,2009-08-01,7.471,"['Animation', 'Science Fiction']",0.0,114.0,ja,648 days,Sommersemester 11,Wednesday,2011-05-11,63
260,Blow Up,Blow-Up,1966-12-18,7.372,"['Drama', 'Mystery', 'Thriller']",1800000.0,111.0,en,16221 days,Sommersemester 11,Tuesday,2011-05-17,47
261,Mary & Max,Mary Poppins,1964-12-17,7.6,"['Comedy', 'Family', 'Fantasy']",4650000.0,139.0,en,16953 days,Sommersemester 11,Wednesday,2011-05-18,54
262,Lost Children,The City of Lost Children,1995-05-17,7.3,"['Fantasy', 'Science Fiction', 'Adventure']",18000000.0,108.0,fr,5851 days,Sommersemester 11,Tuesday,2011-05-24,44
263,Schwerkraft,Gravity,2010-03-24,6.1,"['Crime', 'Drama', 'Comedy']",0.0,97.0,de,427 days,Sommersemester 11,Wednesday,2011-05-25,15
264,Von Menschen und Göttern,Of Gods and Men,2010-09-08,6.665,"['Drama', 'History']",4000000.0,120.0,fr,265 days,Sommersemester 11,Tuesday,2011-05-31,26
265,True Grit,True Grit,2010-12-22,7.304,"['Drama', 'Adventure', 'Western']",38000000.0,110.0,en,161 days,Sommersemester 11,Wednesday,2011-06-01,44
266,Männer al Dente,Loose Cannons,2010-02-12,7.297,"['Comedy', 'Drama', 'Romance']",7000000.0,108.0,it,480 days,Sommersemester 11,Tuesday,2011-06-07,65
267,Plug & Pray,Who Pulled the Plug?,1981-12-18,5.6,['Comedy'],0.0,99.0,sv,10777 days,Sommersemester 11,Tuesday,2011-06-21,6
268,In einer besseren Welt,In a Better World,2010-08-26,7.117,['Drama'],15000000.0,118.0,da,300 days,Sommersemester 11,Wednesday,2011-06-22,22
269,Black Swan,Black Swan,2010-12-03,7.684,"['Drama', 'Thriller', 'Horror']",13000000.0,108.0,en,207 days,Sommersemester 11,Tuesday,2011-06-28,122
270,Das Labyrinth der Wörter,My Afternoons with Margueritte,2010-06-02,6.9,"['Drama', 'Comedy']",0.0,82.0,fr,392 days,Sommersemester 11,Wednesday,2011-06-29,61
271,Schmetterling und Taucherglocke,The Diving Bell and the Butterfly,2007-05-23,7.569,"['Drama', 'History']",14000020.0,112.0,fr,1504 days,Sommersemester 11,Tuesday,2011-07-05,23
272,Tucker & Dale vs. Evil,John Tucker Must Die,2006-07-27,6.1,"['Comedy', 'Romance']",18000000.0,87.0,en,1805 days,Sommersemester 11,Wednesday,2011-07-06,112
273,Zug des Lebens,Train of Life,1998-09-16,7.3,"['Drama', 'Comedy', 'War']",154790.0,103.0,fr,4682 days,Sommersemester 11,Tuesday,2011-07-12,22
274,Kyatapirâ (Caterpillar),Caterpillar,2010-08-14,6.4,"['Drama', 'War']",0.0,87.0,ja,268 days,Sommersemester 11,Monday,2011-05-09,35
275,Hotaru no haka (Die letzten Glühwürmchen) ,Grave of the Fireflies,1988-04-16,8.5,"['Animation', 'Drama', 'War']",3700000.0,89.0,ja,8426 days,Sommersemester 11,Thursday,2011-05-12,51
276,Food Inc.,"Food, Inc.",2008-09-07,7.3,['Documentary'],0.0,94.0,en,981 days,Sommersemester 11,Monday,2011-05-16,30
277,Babylon,Babylon,2022-12-22,7.412,"['Drama', 'Comedy']",78000000.0,189.0,en,117 days,Sommersemester 23,Tuesday,2023-04-18,14
278,The Banshees of Inisherin,The Banshees of Inisherin,2022-10-20,7.454,"['Drama', 'Comedy']",20000000.0,114.0,en,187 days,Sommersemester 23,Tuesday,2023-04-25,26
279,Crimes of the Future,Crimes of the Future,2022-05-25,6.1,"['Drama', 'Science Fiction', 'Horror']",27000000.0,107.0,en,342 days,Sommersemester 23,Tuesday,2023-05-02,3
280,Pride,Pride,2014-09-12,7.725,"['Drama', 'Comedy']",0.0,120.0,en,3155 days,Sommersemester 23,Wednesday,2023-05-03,36
281,Das Glücksrad,Wheel of Fortune and Fantasy,2021-04-11,7.134,"['Drama', 'Romance']",0.0,121.0,ja,752 days,Sommersemester 23,Wednesday,2023-05-03,4
282,Inception,Inception,2010-07-15,8.368,"['Action', 'Science Fiction', 'Adventure']",160000000.0,148.0,en,4682 days,Sommersemester 23,Wednesday,2023-05-10,22
283,Napola,Before the Fall,2004-07-04,7.042,['Drama'],4500000.0,117.0,de,6885 days,Sommersemester 23,Thursday,2023-05-11,20
284,Holy Spider,Holy Spider,2022-07-13,7.272,"['Crime', 'Drama', 'Thriller']",0.0,118.0,fa,307 days,Sommersemester 23,Tuesday,2023-05-16,9
285,Der Heilige Berg,The Holy Mountain,1926-11-01,6.5,"['Drama', 'Adventure']",0.0,106.0,de,35261 days,Sommersemester 23,Wednesday,2023-05-17,11
286,The Truman Show,The Truman Show,1998-06-04,8.14,"['Comedy', 'Drama']",60000000.0,103.0,en,9119 days,Sommersemester 23,Tuesday,2023-05-23,28
287,Return to Seoul,Return to Seoul,2022-11-18,6.318,['Drama'],0.0,119.0,fr,187 days,Sommersemester 23,Wednesday,2023-05-24,9
288,Im Westen Nichts Neues,All Quiet on the Western Front,2022-10-07,7.736,"['Drama', 'War', 'Action']",20000000.0,147.0,de,242 days,Sommersemester 23,Tuesday,2023-06-06,32
289,Der gestiefelte Kater 2,Puss in Boots: The Last Wish,2022-12-07,8.238,"['Animation', 'Adventure', 'Fantasy', 'Comedy', 'Action', 'Family']",90000000.0,103.0,en,188 days,Sommersemester 23,Tuesday,2023-06-13,36
290,Nelly & Nadine,Nelly and Monsieur Arnaud,1995-08-23,6.9,"['Drama', 'Romance']",0.0,106.0,fr,10157 days,Sommersemester 23,Wednesday,2023-06-14,3
291,Free Guy,Free Guy,2021-08-11,7.508,"['Comedy', 'Adventure', 'Science Fiction']",110000000.0,115.0,en,678 days,Sommersemester 23,Tuesday,2023-06-20,11
292,Der Sommer mit Anais,Anaïs in Love,2021-09-15,6.237,"['Drama', 'Romance', 'Comedy']",0.0,98.0,fr,644 days,Sommersemester 23,Wednesday,2023-06-21,0
293,Aftersun,Aftersun,2022-10-21,7.7,['Drama'],0.0,102.0,en,249 days,Sommersemester 23,Tuesday,2023-06-27,30
294,Call Jane,Call Jane,2022-10-27,6.567,"['Drama', 'History']",0.0,121.0,en,244 days,Sommersemester 23,Wednesday,2023-06-28,6
295,Decision to Leave,Decision to Leave,2022-06-29,7.4,"['Thriller', 'Mystery', 'Romance']",0.0,138.0,ko,370 days,Sommersemester 23,Tuesday,2023-07-04,6
296,Oskars Kleid,Oskar's Dress,2022-12-22,7.5,['Drama'],0.0,102.0,de,195 days,Sommersemester 23,Wednesday,2023-07-05,42
297,Me Time,Me Time,2022-08-26,5.933,['Comedy'],0.0,105.0,en,319 days,Sommersemester 23,Tuesday,2023-07-11,8
298,Mad God,Mad God,2022-06-16,6.954,"['Animation', 'Fantasy', 'Horror', 'Science Fiction', 'War']",250000.0,84.0,en,391 days,Sommersemester 23,Wednesday,2023-07-12,4
299,Jurassic Park,Jurassic Park,1993-06-11,7.945,"['Adventure', 'Science Fiction']",63000000.0,127.0,en,10994 days,Sommersemester 23,Tuesday,2023-07-18,14
300,EO,EO,2022-09-30,6.5,"['Drama', 'Adventure']",0.0,88.0,pl,292 days,Sommersemester 23,Wednesday,2023-07-19,10
301,Swiss Army Man,Swiss Army Man,2016-06-24,6.926,"['Comedy', 'Drama', 'Romance', 'Fantasy', 'Adventure']",3000000.0,97.0,en,298 days,Sommersemester 17,Tuesday,2017-04-18,24
302,Die Physiker,Die Physiker,1962-01-01,6.56,['Drama'],0.0,0.0,de,20197 days,Sommersemester 17,Wednesday,2017-04-19,36
303,Phantastische Tierwesen und wo sie zu finden sind,Fantastic Beasts and Where to Find Them,2016-11-16,7.3,"['Fantasy', 'Adventure']",180000000.0,132.0,en,160 days,Sommersemester 17,Tuesday,2017-04-25,163
304,A Girl walks home alone at night,A Girl Walks Home Alone at Night,2014-11-21,6.8,"['Horror', 'Romance']",1000000.0,101.0,en,887 days,Sommersemester 17,Wednesday,2017-04-26,18
305,Trumbo,Trumbo,2015-10-27,7.16,['Drama'],15000000.0,124.0,en,553 days,Sommersemester 17,Tuesday,2017-05-02,45
306,Lowlife Love,Lowlife Love,2016-04-02,6.3,"['Drama', 'Romance']",0.0,110.0,ja,396 days,Sommersemester 17,Wednesday,2017-05-03,24
307,The Accountant,The Accountant,2016-10-13,7.068,"['Crime', 'Thriller', 'Drama']",44000000.0,128.0,en,208 days,Sommersemester 17,Tuesday,2017-05-09,27
308,Der Nachtmahr,The Nightmare,2015-07-01,6.6,"['Drama', 'Mystery', 'Horror']",85876.0,88.0,de,679 days,Sommersemester 17,Wednesday,2017-05-10,30
309,Paterson?,Paterson,2016-11-17,7.108,"['Drama', 'Comedy', 'Romance']",5000000.0,118.0,en,180 days,Sommersemester 17,Tuesday,2017-05-16,27
310,der die zeichen liest,The Student,2016-04-12,6.5,['Drama'],0.0,118.0,ru,400 days,Sommersemester 17,Wednesday,2017-05-17,13
311,Die Taschendiebin,The Handmaiden,2016-06-01,8.226,"['Thriller', 'Drama', 'Romance']",8575000.0,145.0,ko,356 days,Sommersemester 17,Tuesday,2017-05-23,44
312,Nebel im August ,Fog in August,2016-09-29,7.5,['Drama'],8000000.0,126.0,de,237 days,Sommersemester 17,Wednesday,2017-05-24,9
313,April und die aussergewöhnliche Welt,April and the Extraordinary World,2015-11-04,7.019,"['Thriller', 'Adventure', 'Animation', 'Comedy', 'Fantasy', 'Science Fiction']",10000000.0,103.0,fr,573 days,Sommersemester 17,Tuesday,2017-05-30,17
314,The Fall,The Fall,2006-09-09,7.596,"['Adventure', 'Fantasy', 'Drama']",30000000.0,117.0,en,3917 days,Sommersemester 17,Wednesday,2017-05-31,16
315,Arrival,Arrival,2016-11-10,7.602,"['Drama', 'Science Fiction', 'Mystery']",47000000.0,116.0,en,215 days,Sommersemester 17,Tuesday,2017-06-13,48
316,Green Room,Green Room,2016-04-15,6.722,"['Horror', 'Crime', 'Thriller']",5000000.0,95.0,en,431 days,Sommersemester 17,Tuesday,2017-06-20,9
317,Star Wars Rogue One,Rogue One: A Star Wars Story,2016-12-14,7.5,"['Action', 'Adventure', 'Science Fiction']",200000000.0,133.0,en,195 days,Sommersemester 17,Tuesday,2017-06-27,65
318,Schneider vs. Bax,Schneider vs. Bax,2015-05-28,6.2,"['Comedy', 'Thriller', 'Mystery']",3000000.0,94.0,nl,762 days,Sommersemester 17,Wednesday,2017-06-28,10
319,La La Land,La La Land,2016-11-29,7.902,"['Comedy', 'Drama', 'Romance', 'Music']",30000000.0,129.0,en,217 days,Sommersemester 17,Tuesday,2017-07-04,164
320,Ein Amerikaner in Paris,An American in Paris,1951-09-26,7.0,"['Music', 'Romance', 'Comedy']",5635000.0,113.0,en,24024 days,Sommersemester 17,Wednesday,2017-07-05,9
321,Seefeuer,Fire at Sea,2016-02-18,6.7,['Documentary'],0.0,114.0,it,504 days,Sommersemester 17,Thursday,2017-07-06,21
322,Anomalisa,Anomalisa,2015-12-30,7.122,"['Animation', 'Drama', 'Romance', 'Comedy']",8000000.0,90.0,en,559 days,Sommersemester 17,Tuesday,2017-07-11,26
323,Moonlight,Moonlight,2016-10-21,7.391,['Drama'],4000000.0,111.0,en,264 days,Sommersemester 17,Wednesday,2017-07-12,76
324,The Red Turtle,The Red Turtle,2016-06-29,7.5,"['Animation', 'Drama', 'Fantasy', 'Family']",0.0,80.0,fr,384 days,Sommersemester 17,Tuesday,2017-07-18,37
325,Everybody wants some!,Everybody Wants Some!!,2016-03-30,6.372,['Comedy'],10000000.0,116.0,en,476 days,Sommersemester 17,Wednesday,2017-07-19,10
326,Science of Sleep,The Science of Sleep,2006-06-25,7.003,"['Comedy', 'Drama', 'Fantasy']",6000000.0,105.0,fr,485 days,Wintersemester 0708,Tuesday,2007-10-23,57
327,Wer früher stirbt ist länger tot,Grave Decisions,2006-08-17,6.973,"['Drama', 'Comedy']",0.0,105.0,de,433 days,Wintersemester 0708,Wednesday,2007-10-24,137
328,Blutige Erdbeeren,The Strawberry Statement,1970-08-28,6.257,"['Drama', 'Romance']",0.0,109.0,en,13577 days,Wintersemester 0708,Tuesday,2007-10-30,31
329,Das Wilde Leben,Eight Miles High,2007-02-01,6.5,"['Music', 'Drama', 'Comedy']",0.0,114.0,de,272 days,Wintersemester 0708,Wednesday,2007-10-31,68
330,Pans Labyrinth,Pan's Labyrinth,2006-10-10,7.8,"['Fantasy', 'Drama', 'War']",19000000.0,118.0,es,759 days,Wintersemester 0809,Friday,2008-11-07,165
331,Schnitzelparadies,Schnitzel Paradise,2005-09-08,5.8,"['Romance', 'Comedy']",850000.0,82.0,nl,797 days,Wintersemester 0708,Wednesday,2007-11-14,59
332,Absolute Giganten,Gigantic,1999-09-30,7.7,"['Drama', 'Comedy']",0.0,80.0,de,2973 days,Wintersemester 0708,Tuesday,2007-11-20,47
333,The Wind that shakes the Barley,The Wind That Shakes the Barley,2006-06-23,7.385,"['Drama', 'War']",6500000.0,127.0,en,516 days,Wintersemester 0708,Wednesday,2007-11-21,74
334,Wilbur wants to kill himself,Wilbur Wants to Kill Himself,2002-11-08,6.632,"['Comedy', 'Drama', 'Romance']",0.0,111.0,da,1845 days,Wintersemester 0708,Tuesday,2007-11-27,70
335,Taxi Driver,Taxi Driver,1976-02-09,8.2,"['Crime', 'Drama']",1900000.0,114.0,en,11615 days,Wintersemester 0708,Wednesday,2007-11-28,65
336,Sterben für Anfänger,Death at a Funeral,2007-08-17,6.891,"['Comedy', 'Drama']",9000000.0,90.0,en,476 days,Wintersemester 0809,Friday,2008-12-05,71
337,Letters from Iwo Jima,Letters from Iwo Jima,2006-12-09,7.466,"['Action', 'Drama', 'War']",19000000.0,141.0,en,368 days,Wintersemester 0708,Wednesday,2007-12-12,50
338,Nach der Hochzeit,After the Wedding,1997-12-12,7.46,['Documentary'],0.0,70.0,en,3658 days,Wintersemester 0708,Tuesday,2007-12-18,30
339,Zurück nach Dalarna,Dalecarlians,2004-12-17,5.8,"['Comedy', 'Drama']",0.0,98.0,sv,1097 days,Wintersemester 0708,Wednesday,2007-12-19,18
340,Full Metal Village,Full Metal Village,2007-04-19,6.5,['Documentary'],0.0,90.0,de,272 days,Wintersemester 0708,Wednesday,2008-01-16,215
341,Paris je t'aime,Paris Je T'aime,2006-06-21,6.78,"['Drama', 'Romance']",13000000.0,120.0,fr,581 days,Wintersemester 0708,Wednesday,2008-01-23,117
342,Inland Empire,Inland Empire,2006-12-06,7.021,"['Drama', 'Horror', 'Mystery']",15000000.0,180.0,en,419 days,Wintersemester 0708,Tuesday,2008-01-29,69
343,The saddest Music in the World,The Saddest Music in the World,2003-09-17,7.1,"['Comedy', 'Drama', 'Music', 'Fantasy']",0.0,100.0,en,1596 days,Wintersemester 0708,Wednesday,2008-01-30,26
344,Leroy,Leroy,2007-09-27,5.7,"['Comedy', 'Drama']",0.0,89.0,de,138 days,Wintersemester 0708,Tuesday,2008-02-12,81
345,Last King of Scotland,The Last King of Scotland,2006-01-12,7.421,['Drama'],6000000.0,123.0,en,762 days,Wintersemester 0708,Wednesday,2008-02-13,72
346,Scouts vs. Zombie,Scouts Guide to the Zombie Apocalypse,2015-10-23,6.5,"['Comedy', 'Horror']",15000000.0,93.0,en,369 days,Wintersemester 1617,Wednesday,2016-10-26,22
347,Unsere kleine Schwester?,Our Little Sister,2015-06-13,7.6,"['Drama', 'Family']",0.0,127.0,ja,508 days,Wintersemester 1617,Wednesday,2016-11-02,69
348,Son of Saul,Son of Saul,2015-06-11,7.1,"['War', 'Drama', 'Thriller']",1000000.0,107.0,hu,516 days,Wintersemester 1617,Tuesday,2016-11-08,42
349,The Neon Demon,The Neon Demon,2016-05-31,6.5,"['Thriller', 'Horror']",7000000.0,118.0,en,168 days,Wintersemester 1617,Tuesday,2016-11-15,40
350,Hentai Kamen,HK: Hentai Kamen 2 - Abnormal Crisis,2016-05-14,6.225,"['Action', 'Comedy']",0.0,118.0,ja,192 days,Wintersemester 1617,Tuesday,2016-11-22,38
351,Deadpool,Deadpool,2016-02-09,7.612,"['Action', 'Adventure', 'Comedy']",58000000.0,108.0,en,308 days,Wintersemester 1617,Tuesday,2016-12-13,126
352,Eddie the Eagle: Alles ist möglich,Eddie the Eagle,2016-02-25,7.179,"['Comedy', 'Drama', 'History', 'Adventure']",23000000.0,106.0,en,299 days,Wintersemester 1617,Tuesday,2016-12-20,27
353,Fuck for forest,Fuck for Forest,2012-11-23,5.3,['Documentary'],0.0,85.0,en,1157 days,Wintersemester 1516,Sunday,2016-01-24,19
354,Ein Hologramm für den König,A Hologram for the King,2016-04-22,5.836,"['Comedy', 'Drama']",30000000.0,97.0,en,285 days,Wintersemester 1617,Wednesday,2017-02-01,8
355,Spotlight,Spotlight,2015-11-06,7.817,"['Drama', 'History']",20000000.0,129.0,en,93 days,Wintersemester 1516,Sunday,2016-02-07,43
356,Frühstück bei Monsieur Henri,The Student and Mister Henri,2015-10-07,6.652,"['Drama', 'Comedy']",0.0,100.0,fr,130 days,Wintersemester 1516,Sunday,2016-02-14,82
357,Lion,Lion,2016-11-24,8.073,['Drama'],12000000.0,118.0,en,327 days,Wintersemester 1718,Tuesday,2017-10-17,49
358,Silence,Silence,2016-12-22,7.123,"['Drama', 'History']",46000000.0,161.0,en,300 days,Wintersemester 1718,Wednesday,2017-10-18,37
359,Hell or High Water,Hell or High Water,2016-08-11,7.299,"['Western', 'Crime', 'Drama']",12000000.0,102.0,en,439 days,Wintersemester 1718,Tuesday,2017-10-24,27
360,Der Schamane und die Schlange,Embrace of the Serpent,2015-05-25,7.684,"['Drama', 'Adventure']",1400000.0,125.0,es,884 days,Wintersemester 1718,Wednesday,2017-10-25,21
361,The Evil Dead,The Evil Dead,1981-09-10,7.309,['Horror'],350000.0,85.0,en,13200 days,Wintersemester 1718,Tuesday,2017-10-31,33
362,Shin Godzilla,Shin Godzilla,2016-07-29,7.177,"['Action', 'Science Fiction', 'Horror']",15000000.0,120.0,ja,466 days,Wintersemester 1718,Tuesday,2017-11-07,38
363,Koe no Katachi,A Silent Voice: The Movie,2016-09-17,8.4,"['Animation', 'Drama']",0.0,130.0,ja,417 days,Wintersemester 1718,Wednesday,2017-11-08,102
364,Metropolis,Metropolis,1927-02-06,8.138,"['Drama', 'Science Fiction']",1300000.0,153.0,de,33154 days,Wintersemester 1718,Tuesday,2017-11-14,53
365,Die andere Seite der Hoffnung,The Other Side of Hope,2017-02-03,7.0,"['Comedy', 'Drama']",0.0,101.0,fi,285 days,Wintersemester 1718,Wednesday,2017-11-15,22
366,I Am Not Your Negro,I Am Not Your Negro,2017-02-03,7.716,['Documentary'],1000000.0,93.0,en,291 days,Wintersemester 1718,Tuesday,2017-11-21,32
367,Get Out,Get Out,2017-02-24,7.622,"['Mystery', 'Thriller', 'Horror']",4500000.0,104.0,en,271 days,Wintersemester 1718,Wednesday,2017-11-22,80
368,Pleasantville,Pleasantville,1998-09-17,7.3,"['Fantasy', 'Comedy', 'Drama']",60000000.0,124.0,en,7012 days,Wintersemester 1718,Tuesday,2017-11-28,58
369,Philadelphia,Philadelphia,1993-12-22,7.725,['Drama'],26000000.0,126.0,en,8743 days,Wintersemester 1718,Wednesday,2017-11-29,23
370,Marketa Lazarová,Marketa Lazarová,1967-11-24,7.8,"['Drama', 'History']",0.0,166.0,cs,18274 days,Wintersemester 1718,Tuesday,2017-12-05,13
371,Asterix-Operation Hinkelstein,Asterix and the Big Fight,1989-10-04,6.26,"['Family', 'Animation', 'Adventure', 'Comedy']",0.0,81.0,fr,10290 days,Wintersemester 1718,Wednesday,2017-12-06,24
372,I Am Not a Serial Killer,I Am Not a Serial Killer,2016-08-26,6.335,"['Drama', 'Horror', 'Mystery', 'Thriller']",0.0,104.0,en,473 days,Wintersemester 1718,Tuesday,2017-12-12,19
373,Coherence,Coherence,2013-09-19,7.236,"['Thriller', 'Science Fiction']",50000.0,89.0,en,1546 days,Wintersemester 1718,Wednesday,2017-12-13,7
374,Wilde Maus,Wild Mouse,2017-02-17,6.595,"['Comedy', 'Drama']",0.0,103.0,de,305 days,Wintersemester 1718,Tuesday,2017-12-19,25
375,Mein Leben als Zucchini,My Life as a Zucchini,2016-09-22,7.809,"['Animation', 'Comedy', 'Drama', 'Family', 'Romance']",8000000.0,66.0,fr,454 days,Wintersemester 1718,Wednesday,2017-12-20,7
376,La isla Minima,Marshland,2014-09-25,7.047,"['Thriller', 'Crime', 'Mystery']",4000000.0,105.0,es,1202 days,Wintersemester 1718,Tuesday,2018-01-09,5
377,Logan,Logan,2017-02-28,7.817,"['Action', 'Drama', 'Science Fiction']",97000000.0,137.0,en,316 days,Wintersemester 1718,Wednesday,2018-01-10,50
378,Dark Blood,Blood-C: The Last Dark,2012-06-02,7.3,"['Action', 'Horror', 'Science Fiction', 'Animation']",0.0,106.0,ja,2054 days,Wintersemester 1718,Tuesday,2018-01-16,8
379,Waking Life,Waking Life,2001-10-19,7.498,"['Animation', 'Drama', 'Fantasy']",0.0,99.0,en,5934 days,Wintersemester 1718,Wednesday,2018-01-17,16
380,In This Corner of the World,In This Corner of the World,2016-11-12,7.925,"['Drama', 'Animation', 'Romance', 'War', 'History']",0.0,130.0,ja,438 days,Wintersemester 1718,Wednesday,2018-01-24,61
381,Dunkirk,Dunkirk,2017-07-19,7.454,"['War', 'Action', 'Drama']",150000000.0,107.0,en,195 days,Wintersemester 1718,Tuesday,2018-01-30,119
382,Paths of Glory,Paths of Glory,1957-10-25,8.27,"['War', 'Drama', 'History']",935000.0,88.0,en,22013 days,Wintersemester 1718,Wednesday,2018-01-31,8
383,Baby Driver,Baby Driver,2017-06-28,7.449,"['Action', 'Crime']",34000000.0,113.0,en,223 days,Wintersemester 1718,Tuesday,2018-02-06,57
384,Headshot,Headshot,2016-09-24,6.425,"['Action', 'Thriller', 'Crime']",0.0,117.0,id,501 days,Wintersemester 1718,Wednesday,2018-02-07,8
385,Wir kaufen einen Zoo,We Bought a Zoo,2011-12-08,6.78,"['Drama', 'Comedy', 'Family']",50000000.0,124.0,en,307 days,Wintersemester 1213,Wednesday,2012-10-10,31
386,Tomboy,Tomboy,2011-04-20,7.302,['Drama'],1000000.0,82.0,fr,545 days,Wintersemester 1213,Tuesday,2012-10-16,31
387,My week with Marilyn,My Week with Marilyn,2011-11-23,6.7,"['Drama', 'Romance']",6400000.0,99.0,en,335 days,Wintersemester 1213,Tuesday,2012-10-23,55
388,Dark knight rises,The Dark Knight Rises,2012-07-17,7.779,"['Action', 'Crime', 'Drama', 'Thriller']",250000000.0,165.0,en,99 days,Wintersemester 1213,Wednesday,2012-10-24,210
389,Dark shadows,Dark Shadows,2012-05-09,6.062,"['Comedy', 'Fantasy']",150000000.0,113.0,en,174 days,Wintersemester 1213,Tuesday,2012-10-30,137
390,Sleep tight,Sleep Tight,2011-10-14,7.089,"['Thriller', 'Horror']",5000000.0,97.0,es,383 days,Wintersemester 1213,Wednesday,2012-10-31,25
391,Das Schwein von Gaza,When Pigs Have Wings,2011-09-21,7.0,['Comedy'],0.0,98.0,ar,413 days,Wintersemester 1213,Wednesday,2012-11-07,70
392,Hasta la vista,Come As You Are,2011-09-02,6.9,"['Drama', 'Comedy']",0.0,115.0,nl,438 days,Wintersemester 1213,Tuesday,2012-11-13,14
393,Moonrise Kingdom,Moonrise Kingdom,2012-05-16,7.7,"['Comedy', 'Drama', 'Romance']",16000000.0,94.0,en,182 days,Wintersemester 1213,Wednesday,2012-11-14,66
394,Polytechnique,Polytechnique,2009-02-06,7.159,"['Crime', 'Drama', 'Thriller']",0.0,77.0,fr,1390 days,Wintersemester 1213,Tuesday,2012-11-27,11
395,Starbuck,Starbuck,2011-07-27,6.907,['Comedy'],0.0,103.0,fr,490 days,Wintersemester 1213,Wednesday,2012-11-28,41
396,Holy Motors,Holy Motors,2012-07-02,7.014,"['Drama', 'Fantasy']",4000000.0,115.0,fr,156 days,Wintersemester 1213,Wednesday,2012-12-05,15
397,"Wer weiß, wohin?",Where Do We Go Now?,2011-09-14,7.4,"['Drama', 'Comedy']",21000000.0,110.0,ar,454 days,Wintersemester 1213,Tuesday,2012-12-11,19
398,We need to talk about Kevin,We Need to Talk About Kevin,2011-09-28,7.559,"['Drama', 'Thriller']",7000000.0,113.0,en,441 days,Wintersemester 1213,Wednesday,2012-12-12,27
399,Stirb langsam,Die Hard 2,1990-07-03,6.945,"['Action', 'Thriller']",70000000.0,124.0,en,8204 days,Wintersemester 1213,Tuesday,2012-12-18,44
400,Hugo Cabret,Hugo,2011-11-22,7.178,"['Adventure', 'Drama', 'Family']",170000000.0,126.0,en,393 days,Wintersemester 1213,Wednesday,2012-12-19,46
401,Sunshine cleaning,Sunshine Cleaning,2008-01-18,6.607,"['Comedy', 'Drama']",5000000.0,91.0,en,1817 days,Wintersemester 1213,Tuesday,2013-01-08,31
402,Kill me please,Kill Me Please,2010-11-03,6.6,"['Comedy', 'Drama']",0.0,95.0,fr,798 days,Wintersemester 1213,Wednesday,2013-01-09,24
403,Sag Salim,All Good,2012-05-18,5.8,['Comedy'],0.0,98.0,tr,243 days,Wintersemester 1213,Wednesday,2013-01-16,9
404,Parada,The Parade,2011-10-31,6.7,"['Comedy', 'Drama']",1500000.0,115.0,sr,449 days,Wintersemester 1213,Tuesday,2013-01-22,10
405,Sons of Norway,Sons of Norway,2011-09-09,6.7,['Drama'],0.0,88.0,no,502 days,Wintersemester 1213,Wednesday,2013-01-23,27
406,Sound it out,Sound It Out,2011-11-04,7.1,"['Documentary', 'Music']",14000.0,75.0,en,459 days,Wintersemester 1213,Tuesday,2013-02-05,2
407,Black Panther,Black Panther,2018-02-13,7.385,"['Action', 'Adventure', 'Science Fiction']",200000000.0,135.0,en,252 days,Wintersemester 1819,Tuesday,2018-10-23,102
408,1000 Arten Regen zu beschreiben,Different Kinds of Rain,2018-03-29,6.4,['Drama'],0.0,91.0,de,209 days,Wintersemester 1819,Wednesday,2018-10-24,44
409,You were never really here,You Were Never Really Here,2017-11-08,6.6,"['Crime', 'Drama', 'Thriller']",17000000.0,89.0,en,356 days,Wintersemester 1819,Tuesday,2018-10-30,29
410,Hereditary,Hereditary,2018-06-07,7.285,"['Horror', 'Mystery', 'Thriller']",10000000.0,128.0,en,146 days,Wintersemester 1819,Wednesday,2018-10-31,54
411,Isle of Dogs,Isle of Dogs,2018-03-23,7.847,"['Adventure', 'Comedy', 'Animation']",62770198.0,101.0,en,228 days,Wintersemester 1819,Tuesday,2018-11-06,60
412,A Ghost Story,A Ghost Story,2017-04-24,7.113,"['Drama', 'Fantasy']",100000.0,93.0,en,197 days,Wintersemester 1718,Tuesday,2017-11-07,100
413,"Night is short, walk on girl!","Night Is Short, Walk On Girl",2017-04-07,7.4,"['Comedy', 'Romance', 'Animation', 'Fantasy']",0.0,93.0,ja,586 days,Wintersemester 1819,Wednesday,2018-11-14,29
414,Ready Player One,Ready Player One,2018-03-28,7.6,"['Adventure', 'Action', 'Science Fiction']",175000000.0,140.0,en,237 days,Wintersemester 1819,Tuesday,2018-11-20,78
415,2001: A Space Odyssey,2001: A Space Odyssey,1968-04-02,8.077,"['Science Fiction', 'Mystery', 'Adventure']",12000000.0,149.0,en,18495 days,Wintersemester 1819,Wednesday,2018-11-21,49
416,Die Grüne Lüge,The Green Lie,2018-03-09,6.1,['Documentary'],0.0,97.0,en,263 days,Wintersemester 1819,Tuesday,2018-11-27,110
417,The Anthem of the Heart,The Anthem of the Heart,2015-09-19,7.571,"['Animation', 'Drama', 'Music', 'Romance']",0.0,119.0,ja,1166 days,Wintersemester 1819,Wednesday,2018-11-28,50
418,The Girl Without Hands,The Girl Without Hands,2016-12-14,7.1,"['Animation', 'Fantasy', 'Romance']",0.0,76.0,fr,720 days,Wintersemester 1819,Tuesday,2018-12-04,12
419,Der Zauberer von Oz,The Wizard of Oz,1939-08-15,7.584,"['Adventure', 'Fantasy', 'Family']",2777000.0,102.0,en,28968 days,Wintersemester 1819,Thursday,2018-12-06,34
420,The Death of Stalin,The Death of Stalin,2017-10-20,7.007,"['Comedy', 'Drama', 'History']",13000000.0,107.0,en,417 days,Wintersemester 1819,Tuesday,2018-12-11,55
421,In den Gängen,In the Aisles,2018-05-24,6.886,['Drama'],0.0,125.0,de,202 days,Wintersemester 1819,Wednesday,2018-12-12,16
422,The Little Prince,The Little Prince,2015-07-29,7.609,"['Adventure', 'Animation', 'Fantasy', 'Family']",64000000.0,108.0,en,1238 days,Wintersemester 1819,Tuesday,2018-12-18,56
423,Molly's Game,Molly's Game,2017-12-07,7.146,"['Drama', 'Crime']",30000000.0,140.0,en,32 days,Wintersemester 1718,Monday,2018-01-08,16
424,Wer erschoß Salvatore G.?,Salvatore Giuliano,1962-03-01,7.5,"['Crime', 'Drama']",0.0,119.0,it,20411 days,Wintersemester 1718,Wednesday,2018-01-17,6
425,Sicario 2,Sicario,2015-09-17,7.393,"['Action', 'Crime', 'Thriller']",30000000.0,122.0,en,859 days,Wintersemester 1718,Tuesday,2018-01-23,4
426,Berlin – Sinfonie der Großstadt,Berlin: Symphony of a Great City,1927-09-23,7.7,['Documentary'],0.0,69.0,de,33361 days,Wintersemester 1819,Thursday,2019-01-24,175
427,Mary and the Witch's Flower,Mary and The Witch's Flower,2017-07-08,7.119,"['Adventure', 'Animation', 'Family', 'Fantasy']",0.0,103.0,ja,205 days,Wintersemester 1718,Monday,2018-01-29,78
428,Drachenläufer,The Kite Runner,2007-12-14,7.3,['Drama'],20000000.0,128.0,en,3700 days,Wintersemester 1718,Tuesday,2018-01-30,26
429,Taxi Driver,Taxi Driver,1976-02-09,8.2,"['Crime', 'Drama']",1900000.0,114.0,en,15332 days,Wintersemester 1718,Wednesday,2018-01-31,21
430,Kingsman 2,Kingsman: The Secret Service,2014-12-13,7.633,"['Crime', 'Comedy', 'Action', 'Adventure']",81000000.0,129.0,en,1214 days,Sommersemester 18,Tuesday,2018-04-10,87
431,Ferris Bueller's Day off,Ferris Bueller's Day Off,1986-06-11,7.6,['Comedy'],6000000.0,103.0,en,11627 days,Sommersemester 18,Wednesday,2018-04-11,16
432,Detroit,Detroit,2017-07-28,7.304,"['Crime', 'Drama', 'Thriller', 'History']",34000000.0,143.0,en,264 days,Sommersemester 18,Wednesday,2018-04-18,9
433,It,It,2017-09-06,7.24,['Horror'],35000000.0,135.0,en,230 days,Sommersemester 18,Tuesday,2018-04-24,102
434,The Square,The Square,2017-08-25,6.768,['Drama'],0.0,151.0,sv,243 days,Sommersemester 18,Wednesday,2018-04-25,30
435,Badlands,Badlands,1974-01-05,7.515,"['Crime', 'Drama', 'Romance']",300000.0,94.0,en,16182 days,Sommersemester 18,Thursday,2018-04-26,3
436,Birdboy,Birdboy,2011-06-04,6.8,"['Fantasy', 'Adventure', 'Animation', 'Drama']",0.0,13.0,es,2530 days,Sommersemester 18,Tuesday,2018-05-08,43
437,Wild,Wild,2014-01-16,7.022,['Drama'],15000000.0,115.0,en,1574 days,Sommersemester 18,Wednesday,2018-05-09,3
438,The Big Sick,The Big Sick,2017-03-30,7.344,"['Comedy', 'Drama', 'Romance']",5000000.0,120.0,en,406 days,Sommersemester 18,Thursday,2018-05-10,11
439,Blade Runner 2049,Blade Runner 2049,2017-10-04,7.558,"['Science Fiction', 'Drama']",150000000.0,164.0,en,223 days,Sommersemester 18,Tuesday,2018-05-15,101
440,Freeheld ,Freeheld,2015-10-02,7.258,"['Romance', 'Drama']",7000000.0,103.0,en,957 days,Sommersemester 18,Wednesday,2018-05-16,13
441,Mother!,mother!,2017-09-13,6.97,"['Drama', 'Thriller', 'Horror']",30000000.0,121.0,en,258 days,Sommersemester 18,Tuesday,2018-05-29,34
442,Hero,Hero,1992-10-02,6.273,"['Comedy', 'Drama']",42000000.0,117.0,en,9371 days,Sommersemester 18,Wednesday,2018-05-30,11
443,Your Name,Your Name.,2016-08-26,8.496,"['Animation', 'Romance', 'Drama']",0.0,106.0,ja,648 days,Sommersemester 18,Tuesday,2018-06-05,93
444,Aus dem Nichts,In the Fade,2017-11-23,6.902,"['Drama', 'Crime']",0.0,106.0,de,195 days,Sommersemester 18,Wednesday,2018-06-06,39
445,Dheepan,Dheepan,2015-08-26,6.847,"['Crime', 'Drama']",0.0,115.0,fr,1016 days,Sommersemester 18,Thursday,2018-06-07,12
446,The Killing of a sacred deer,The Killing of a Sacred Deer,2017-10-20,7.0,"['Drama', 'Thriller', 'Mystery']",3000000.0,121.0,en,236 days,Sommersemester 18,Wednesday,2018-06-13,32
447,Weit.,As Far As My Feet Will Carry Me,2001-12-12,7.3,"['Drama', 'War']",0.0,158.0,de,6028 days,Sommersemester 18,Thursday,2018-06-14,56
448,Lady Bird,Lady Bird,2017-09-01,7.3,"['Drama', 'Comedy']",10000000.0,94.0,en,291 days,Sommersemester 18,Tuesday,2018-06-19,65
449,Die Vierhändige,Four Hands,2017-11-30,5.3,"['Thriller', 'Drama']",0.0,87.0,de,202 days,Sommersemester 18,Wednesday,2018-06-20,3
450,Loving Vincent,Loving Vincent,2017-06-22,8.0,"['Animation', 'Drama', 'Mystery', 'History']",5500000.0,95.0,en,369 days,Sommersemester 18,Tuesday,2018-06-26,112
451,"I, Tonya","I, Tonya",2017-12-08,7.496,"['Drama', 'Comedy']",11000000.0,120.0,en,201 days,Sommersemester 18,Wednesday,2018-06-27,29
452,Three Billboards,"Three Billboards Outside Ebbing, Missouri",2017-12-01,8.074,"['Crime', 'Drama']",15000000.0,115.0,en,214 days,Sommersemester 18,Tuesday,2018-07-03,61
453,Call me by your name,Call Me by Your Name,2017-09-01,8.146,"['Romance', 'Drama']",3.0,132.0,en,306 days,Sommersemester 18,Wednesday,2018-07-04,119
454,Shape of water,The Shape of Water,2017-12-01,7.2,"['Drama', 'Fantasy', 'Romance']",19500000.0,123.0,en,221 days,Sommersemester 18,Tuesday,2018-07-10,64
455,The Florida Project,The Florida Project,2017-10-06,7.416,['Drama'],2000000.0,112.0,en,278 days,Sommersemester 18,Wednesday,2018-07-11,39
456,Free Rainer,Reclaim Your Brain,2007-09-11,6.669,"['Comedy', 'Drama']",2500000.0,129.0,de,204 days,Sommersemester 08,Wednesday,2008-04-02,25
457,Hallam Foe,Hallam Foe,2007-02-16,6.621,"['Drama', 'Comedy', 'Thriller']",8000000.0,95.0,en,417 days,Sommersemester 08,Tuesday,2008-04-08,39
458,Abbitte,Atonement,2007-02-27,7.651,"['Drama', 'Romance']",30000000.0,123.0,en,407 days,Sommersemester 08,Wednesday,2008-04-09,97
459,Zusammen ist man weniger allein,Hunting & Gathering,2007-03-21,6.6,"['Romance', 'Drama']",0.0,97.0,fr,392 days,Sommersemester 08,Wednesday,2008-04-16,145
460,Top Secret,Top Secret!,1984-06-08,7.094,['Comedy'],9000000.0,90.0,en,8719 days,Sommersemester 08,Tuesday,2008-04-22,22
461,Hurlyburly,Hurlyburly,1998-12-25,5.6,"['Comedy', 'Drama']",0.0,122.0,en,3407 days,Sommersemester 08,Wednesday,2008-04-23,47
462,Gosford Park,Gosford Park,2001-11-07,6.858,"['Drama', 'Mystery', 'Thriller']",19800000.0,137.0,en,2365 days,Sommersemester 08,Tuesday,2008-04-29,30
463,Robert Altmans Last Radio Show,A Prairie Home Companion,2006-06-09,6.317,"['Drama', 'Comedy', 'Music']",10000000.0,105.0,en,691 days,Sommersemester 08,Wednesday,2008-04-30,8
464,Auf der anderen Seite,The Edge of Heaven,2007-09-27,7.194,['Drama'],3800000.0,122.0,de,222 days,Sommersemester 08,Tuesday,2008-05-06,109
465,2:37,2:37,2006-05-26,6.6,['Drama'],850000.0,91.0,en,712 days,Sommersemester 08,Wednesday,2008-05-07,16
466,Zugvögel - Einmal nach Inari,Train Birds,1998-01-01,5.8,['Comedy'],0.0,87.0,de,3793 days,Sommersemester 08,Wednesday,2008-05-21,18
467,Persepolis,Persepolis,2007-06-27,7.911,"['Animation', 'Drama']",7300000.0,95.0,fr,335 days,Sommersemester 08,Tuesday,2008-05-27,86
468,"I'm a cyborg, but that's ok","I'm a Cyborg, but That's OK",2006-12-07,7.094,"['Drama', 'Comedy', 'Romance']",0.0,105.0,ko,545 days,Sommersemester 08,Wednesday,2008-06-04,56
469,Die Ermordung des Jesse …,The Assassination of Jesse James by the Coward Robert Ford,2007-09-20,7.0,"['Action', 'Drama', 'Western']",30000000.0,160.0,en,264 days,Sommersemester 08,Tuesday,2008-06-10,14
470,Don't come knocking,Don't Come Knocking,2005-05-19,6.245,"['Drama', 'Western']",11000000.0,123.0,en,1119 days,Sommersemester 08,Wednesday,2008-06-11,11
471,Control,Control,2007-09-12,7.517,['Drama'],5000000.0,121.0,en,280 days,Sommersemester 08,Wednesday,2008-06-18,42
472,Die Band von nebenan,The Band's Visit,2007-05-19,7.1,"['Comedy', 'Drama']",0.0,83.0,he,402 days,Sommersemester 08,Tuesday,2008-06-24,28
473,Am Ende kommen Touristen,And Along Come Tourists,2007-05-21,6.6,['Drama'],0.0,85.0,de,415 days,Sommersemester 08,Wednesday,2008-07-09,65
474,Thank you for smoking,Thank You for Smoking,2005-09-09,7.195,"['Comedy', 'Drama']",6500000.0,92.0,en,586 days,Sommersemester 07,Wednesday,2007-04-18,63
475,Eine unbequeme Wahrheit,An Inconvenient Truth,2006-05-24,7.0,['Documentary'],1000000.0,100.0,en,335 days,Sommersemester 07,Tuesday,2007-04-24,153
476,Der Tiger und der Schnee,The Tiger and the Snow,2005-10-14,6.771,"['Comedy', 'Drama', 'Romance']",35000000.0,114.0,it,558 days,Sommersemester 07,Wednesday,2007-04-25,47
477,Ein Freund von mir,A Friend of Mine,2006-10-05,6.6,['Drama'],0.0,84.0,de,209 days,Sommersemester 07,Wednesday,2007-05-02,124
478,Lichter der Vorstadt,Lights in the Dusk,2006-02-03,6.657,"['Drama', 'Comedy']",1380000.0,78.0,fi,460 days,Sommersemester 07,Wednesday,2007-05-09,35
479,Fremde Haut,Unveiled,2005-10-20,6.6,['Drama'],0.0,100.0,de,572 days,Sommersemester 07,Tuesday,2007-05-15,22
480,Skinhead Attitude,Skinhead Attitude,2003-08-08,7.2,['Documentary'],0.0,90.0,en,1383 days,Sommersemester 07,Tuesday,2007-05-22,18
481,Adams Äpfel,Adam's Apples,2005-04-15,7.468,"['Drama', 'Comedy', 'Crime']",3700000.0,94.0,da,768 days,Sommersemester 07,Wednesday,2007-05-23,65
482,Layer Cake,Layer Cake,2004-09-30,6.9,"['Drama', 'Thriller', 'Crime']",6500000.0,105.0,en,978 days,Sommersemester 07,Tuesday,2007-06-05,13
483,Requiem,Requiem,2006-03-02,6.591,['Drama'],0.0,92.0,de,461 days,Sommersemester 07,Wednesday,2007-06-06,8
484,Bamako,Bamako,2006-06-21,6.9,['Drama'],2000000.0,115.0,bm,356 days,Sommersemester 07,Tuesday,2007-06-12,43
485,Babel,Babel,2006-10-26,7.181,['Drama'],25000000.0,143.0,en,230 days,Sommersemester 07,Wednesday,2007-06-13,124
486,Uzak,Distant,2002-12-20,7.1,['Drama'],0.0,110.0,tr,1649 days,Sommersemester 07,Tuesday,2007-06-26,15
487,Barbarella,Barbarella,1968-10-10,6.0,"['Science Fiction', 'Adventure', 'Comedy', 'Fantasy']",9000000.0,98.0,en,14139 days,Sommersemester 07,Wednesday,2007-06-27,15
488,Kontroll,Kontroll,2003-11-20,7.131,"['Comedy', 'Crime', 'Thriller']",500000.0,107.0,hu,1322 days,Sommersemester 07,Wednesday,2007-07-04,12
489,L'Enfant,The Child,2005-10-19,7.15,['Drama'],0.0,95.0,fr,637 days,Sommersemester 07,Wednesday,2007-07-18,8
490,Der Baader-Meinhof-Komplex,The Baader Meinhof Complex,2008-09-25,6.935,"['Action', 'Crime', 'Drama', 'History', 'Thriller']",27000000.0,150.0,de,208 days,Sommersemester 09,Tuesday,2009-04-21,89
491,Vicky Cristina Barcelona,Vicky Cristina Barcelona,2008-08-15,6.797,"['Drama', 'Romance']",15000000.0,96.0,en,257 days,Sommersemester 09,Wednesday,2009-04-29,111
492,Ich habe den englischen König bedient,I Served the King of England,2007-01-11,6.878,['Comedy'],0.0,115.0,cs,846 days,Sommersemester 09,Wednesday,2009-05-06,13
493,The Acid House,The Acid House,1998-12-31,6.224,"['Comedy', 'Drama']",900000.0,107.0,en,3792 days,Sommersemester 09,Tuesday,2009-05-19,28
494,Across the Universe,Across the Universe,2007-09-14,7.132,"['Drama', 'Romance', 'Fantasy']",45000000.0,133.0,en,614 days,Sommersemester 09,Wednesday,2009-05-20,24
495,Robert Zimmermann wundert sich über die Liebe,Robert Zimmermann Is Tangled Up in Love,2008-08-28,6.78,"['Comedy', 'Romance']",0.0,102.0,de,272 days,Sommersemester 09,Wednesday,2009-05-27,74
496,Frost / Nixon,Frost/Nixon,2008-10-15,7.295,"['Drama', 'History']",25000000.0,122.0,en,237 days,Sommersemester 09,Tuesday,2009-06-09,69
497,Berlin Calling,Berlin Calling,2008-10-01,6.8,"['Comedy', 'Drama', 'Music']",0.0,105.0,de,252 days,Sommersemester 09,Wednesday,2009-06-10,35
498,The Breakfast Club,The Breakfast Club,1985-02-15,7.747,"['Comedy', 'Drama']",1000000.0,98.0,en,8887 days,Sommersemester 09,Tuesday,2009-06-16,33
499,Der Sohn von Rambow,Son of Rambow,2007-01-22,6.727,['Comedy'],4913400.0,96.0,en,877 days,Sommersemester 09,Wednesday,2009-06-17,20
500,The Curious Case of Benjamin Button,The Curious Case of Benjamin Button,2008-12-25,7.584,"['Drama', 'Fantasy', 'Romance']",150000000.0,166.0,en,181 days,Sommersemester 09,Wednesday,2009-06-24,83
501,It’s a free World,It's a Free World...,2007-09-28,6.5,['Drama'],0.0,96.0,en,655 days,Sommersemester 09,Tuesday,2009-07-14,11
502,Tage und Wolken,Days and Clouds,2007-10-26,6.8,"['Drama', 'Romance', 'Comedy']",0.0,116.0,it,634 days,Sommersemester 09,Tuesday,2009-07-21,6
503,Dungeons & Dragons,Dungeons & Dragons: Honor Among Thieves,2023-03-23,7.382,"['Adventure', 'Fantasy', 'Comedy']",151000000.0,134.0,en,215 days,Wintersemester 2324,Tuesday,2023-10-24,51
504,The Conjuring,The Conjuring,2013-07-18,7.54,"['Horror', 'Thriller']",13000000.0,112.0,en,3752 days,Wintersemester 2324,Thursday,2023-10-26,56
505,The Exorcist,The Exorcist,1973-12-26,7.73,"['Horror', 'Thriller', 'Drama']",12000000.0,122.0,en,18206 days,Wintersemester 2324,Tuesday,2023-10-31,10
506,Close,Close,2022-11-01,7.8,['Drama'],0.0,104.0,fr,371 days,Wintersemester 2324,Tuesday,2023-11-07,6
507,Passagiere der Nacht,The Passengers of the Night,2022-05-04,6.9,['Drama'],4300000.0,111.0,fr,553 days,Wintersemester 2324,Wednesday,2023-11-08,5
508,Der Club der toten Dichter,Dead Poets Society,1989-06-02,8.314,['Drama'],16400000.0,128.0,en,12583 days,Wintersemester 2324,Tuesday,2023-11-14,30
509,Roter Himmel,Afire,2023-04-20,7.0,"['Drama', 'Romance', 'Comedy']",0.0,103.0,de,209 days,Wintersemester 2324,Wednesday,2023-11-15,7
510,Mona Lisa and the Blood Moon,Mona Lisa and the Blood Moon,2022-09-30,6.267,"['Mystery', 'Fantasy', 'Thriller']",0.0,106.0,en,417 days,Wintersemester 2324,Tuesday,2023-11-21,6
511,Der Gott des Gemetzels,Carnage,2011-09-16,7.171,"['Comedy', 'Drama']",25000000.0,80.0,en,4450 days,Wintersemester 2324,Wednesday,2023-11-22,18
512,All the Beauty and the Bloodshed,All the Beauty and the Bloodshed,2022-11-23,7.426,['Documentary'],0.0,122.0,en,371 days,Wintersemester 2324,Wednesday,2023-11-29,8
513,Barbie,Barbie,2023-07-19,7.068,"['Comedy', 'Adventure']",145000000.0,114.0,en,139 days,Wintersemester 2324,Tuesday,2023-12-05,124
514,Oppenheimer,Oppenheimer,2023-07-19,8.103,"['Drama', 'History']",100000000.0,181.0,en,140 days,Wintersemester 2324,Wednesday,2023-12-06,28
515,The Whale,The Whale,2022-12-09,7.867,['Drama'],3000000.0,117.0,en,368 days,Wintersemester 2324,Tuesday,2023-12-12,12
516,How to Blow Up a Pipeline,How to Blow Up a Pipeline,2023-04-07,6.5,"['Crime', 'Drama', 'Thriller']",0.0,104.0,en,250 days,Wintersemester 2324,Wednesday,2023-12-13,11
517,Talk to Me,Talk to Me,2023-07-26,7.172,"['Horror', 'Thriller']",4500000.0,95.0,en,146 days,Wintersemester 2324,Tuesday,2023-12-19,7
518,Come and See,Come and See,1985-10-17,8.26,"['Drama', 'War']",0.0,142.0,ru,13943 days,Wintersemester 2324,Wednesday,2023-12-20,11
519,Monsieur Claude und seine Töchter,Serial (Bad) Weddings 2,2019-01-30,5.882,['Comedy'],18500000.0,99.0,fr,1442 days,Wintersemester 2223,Wednesday,2023-01-11,2
520,Weathering With You,Weathering with You,2019-06-19,8.0,"['Animation', 'Drama', 'Fantasy', 'Romance']",0.0,112.0,ja,1307 days,Wintersemester 2223,Monday,2023-01-16,61
521,Chungking Express,Chungking Express,1994-07-14,7.989,"['Drama', 'Comedy', 'Romance']",160000.0,103.0,cn,10414 days,Wintersemester 2223,Tuesday,2023-01-17,0
522,Fallen Angels,Fallen Angels,1995-09-06,7.704,"['Action', 'Romance', 'Crime']",0.0,98.0,cn,10001 days,Wintersemester 2223,Monday,2023-01-23,16
523,Nina Wu,Nina Wu,2019-10-10,6.8,"['Drama', 'Thriller']",0.0,102.0,zh,1202 days,Wintersemester 2223,Tuesday,2023-01-24,9
524,Sick of Myself,Sick of Myself,2022-09-30,7.3,"['Comedy', 'Drama']",0.0,97.0,no,136 days,Wintersemester 2223,Monday,2023-02-13,2
525,Joy Ride,Joy Ride,2001-10-05,6.5,"['Mystery', 'Thriller', 'Drama']",23000000.0,97.0,en,7802 days,Wintersemester 2223,Tuesday,2023-02-14,2
526,American History X,American History X,1998-07-01,8.347,['Drama'],20000000.0,119.0,en,6320 days,Wintersemester 1516,Tuesday,2015-10-20,15
527,Frau Müller muss weg,Frau Müller muss weg!,2015-01-15,6.048,['Comedy'],0.0,88.0,de,285 days,Wintersemester 1516,Tuesday,2015-10-27,47
528,Kingsman,Kingsman: The Secret Service,2014-12-13,7.633,"['Crime', 'Comedy', 'Action', 'Adventure']",81000000.0,129.0,en,325 days,Wintersemester 1516,Tuesday,2015-11-03,29
529,Heil,Heil,2015-07-16,4.973,['Comedy'],0.0,102.0,de,117 days,Wintersemester 1516,Tuesday,2015-11-10,33
530,Violette,Violette,2013-09-06,5.9,['Drama'],0.0,132.0,fr,796 days,Wintersemester 1516,Wednesday,2015-11-11,7
531,Frank,Frank,2014-05-09,6.876,"['Comedy', 'Drama', 'Mystery']",1000000.0,95.0,en,557 days,Wintersemester 1516,Tuesday,2015-11-17,37
532,"Ich seh, ich seh",Goodnight Mommy,2014-10-07,6.701,"['Horror', 'Thriller', 'Mystery']",0.0,100.0,de,413 days,Wintersemester 1516,Tuesday,2015-11-24,18
533,Blade Runner,Blade Runner,1982-06-25,7.935,"['Science Fiction', 'Drama', 'Thriller']",28000000.0,118.0,en,12206 days,Wintersemester 1516,Wednesday,2015-11-25,37
534,Big Eyes,Big Eyes,2014-12-24,7.0,['Drama'],10000000.0,106.0,en,342 days,Wintersemester 1516,Tuesday,2015-12-01,32
535,Von Caligari zu Hitler,From Caligari to Hitler,2015-05-28,7.4,"['Documentary', 'History']",0.0,114.0,de,194 days,Wintersemester 1516,Tuesday,2015-12-08,28
536,Peter Pan,Peter Pan,2003-12-18,7.177,"['Adventure', 'Fantasy', 'Family']",100000000.0,113.0,en,4380 days,Wintersemester 1516,Tuesday,2015-12-15,50
537,Whiplash,Whiplash,2014-10-10,8.383,"['Drama', 'Music']",3300000.0,107.0,en,452 days,Wintersemester 1516,Tuesday,2016-01-05,34
538,Er ist wieder da,Look Who's Back,2015-10-08,6.8,['Comedy'],3196621.0,116.0,de,96 days,Wintersemester 1516,Tuesday,2016-01-12,313
539,Butterfly Effect,The Butterfly Effect,2004-01-17,7.567,"['Science Fiction', 'Thriller']",13000000.0,120.0,en,4379 days,Wintersemester 1516,Wednesday,2016-01-13,32
540,Réalité,Reality,2015-02-18,7.099,['Comedy'],0.0,87.0,fr,335 days,Wintersemester 1516,Tuesday,2016-01-19,12
541,Eine deutsche Jugend,A German Youth,2015-02-07,7.0,['Documentary'],0.0,93.0,fr,353 days,Wintersemester 1516,Tuesday,2016-01-26,13
542,Still the Water,Still the Water,2014-06-01,6.885,"['Drama', 'Romance']",0.0,121.0,ja,605 days,Wintersemester 1516,Wednesday,2016-01-27,22
543,La Haine,La Haine,1995-05-31,8.093,['Drama'],2600000.0,98.0,fr,7559 days,Wintersemester 1516,Tuesday,2016-02-09,2
544,About a Girl,About a Girl,2015-08-06,6.9,"['Drama', 'Comedy']",0.0,104.0,de,194 days,Wintersemester 1516,Tuesday,2016-02-16,12
545,Argo,Argo,2012-10-11,7.276,"['Drama', 'Thriller']",44500000.0,120.0,en,187 days,Sommersemester 13,Tuesday,2013-04-16,66
546,Moderne Zeiten,Modern Times,1936-02-05,8.293,"['Comedy', 'Drama', 'Romance']",1500000.0,87.0,en,28202 days,Sommersemester 13,Tuesday,2013-04-23,12
547,7 Psychos,Seven Psychopaths,2012-10-12,6.8,"['Comedy', 'Crime']",15000000.0,110.0,en,194 days,Sommersemester 13,Wednesday,2013-04-24,47
548,Helen,Helen,2009-01-16,6.643,['Drama'],8000000.0,120.0,en,1565 days,Sommersemester 13,Tuesday,2013-04-30,5
549,Robot and Frank,Robot & Frank,2012-08-16,6.921,"['Science Fiction', 'Comedy', 'Drama', 'Crime']",2500000.0,85.0,en,264 days,Sommersemester 13,Tuesday,2013-05-07,29
550,Der Hobbit - Eine unerwartete Reise,The Hobbit: An Unexpected Journey,2012-12-12,7.4,"['Adventure', 'Fantasy', 'Action']",250000000.0,169.0,en,147 days,Sommersemester 13,Wednesday,2013-05-08,104
551,The Angels' Share,The Angels' Share,2012-06-01,6.989,"['Drama', 'Comedy']",0.0,101.0,en,348 days,Sommersemester 13,Wednesday,2013-05-15,13
552,Pulp Fiction,Pulp Fiction,1994-09-10,8.5,"['Thriller', 'Crime']",8500000.0,154.0,en,6836 days,Sommersemester 13,Wednesday,2013-05-29,59
553,Django Unchained,Django Unchained,2012-12-25,8.178,"['Drama', 'Western']",100000000.0,165.0,en,161 days,Sommersemester 13,Tuesday,2013-06-04,87
554,Yossi,Yossi,2012-05-16,6.9,"['Drama', 'Romance']",500000.0,84.0,he,391 days,Sommersemester 13,Tuesday,2013-06-11,3
555,The Master,The Master,2012-09-07,7.137,['Drama'],32000000.0,137.0,en,278 days,Sommersemester 13,Wednesday,2013-06-12,25
556,Beasts of the Southern Wild,Beasts of the Southern Wild,2012-06-29,6.817,"['Drama', 'Fantasy']",1800000.0,93.0,en,354 days,Sommersemester 13,Tuesday,2013-06-18,14
557,Die Haut in der ich wohne,The Skin I Live In,2011-08-17,7.515,"['Drama', 'Horror', 'Mystery', 'Thriller']",13000000.0,120.0,es,672 days,Sommersemester 13,Wednesday,2013-06-19,15
558,Drachenmädchen,Dragon Girls,2012-11-29,6.8,"['Documentary', 'Action', 'Drama']",0.0,90.0,de,208 days,Sommersemester 13,Tuesday,2013-06-25,29
559,Cloud Atlas,Cloud Atlas,2012-10-26,6.884,"['Drama', 'Science Fiction']",102000000.0,172.0,en,243 days,Sommersemester 13,Wednesday,2013-06-26,84
560,XXY,XXY,2007-06-14,6.846,['Drama'],0.0,86.0,es,2210 days,Sommersemester 13,Tuesday,2013-07-02,21
561,Monsieur Lazhar,Monsieur Lazhar,2011-09-10,7.102,"['Drama', 'Comedy']",0.0,94.0,fr,662 days,Sommersemester 13,Wednesday,2013-07-03,22
562,Die Farbe,The Color Out of Space,2010-10-30,6.4,"['Science Fiction', 'Horror']",0.0,85.0,de,991 days,Sommersemester 13,Wednesday,2013-07-17,18
563,Wer ist Hanna?,Hanna,2011-04-07,6.589,"['Action', 'Thriller', 'Adventure']",30000000.0,111.0,en,194 days,Wintersemester 1112,Tuesday,2011-10-18,80
564,Four Lions,Four Lions,2010-05-07,6.951,"['Comedy', 'Crime', 'Drama']",3900000.0,97.0,en,530 days,Wintersemester 1112,Wednesday,2011-10-19,51
565,From Beginning to End,From Beginning to End,2009-11-12,6.6,"['Romance', 'Drama']",0.0,105.0,pt,712 days,Wintersemester 1112,Tuesday,2011-10-25,18
566,The King's Speech,The King's Speech,2010-11-26,7.742,"['Drama', 'History']",15000000.0,118.0,en,341 days,Wintersemester 1112,Wednesday,2011-11-02,180
567,The Bang Bang Club,The Bang Bang Club,2011-04-22,6.6,"['Drama', 'History']",0.0,106.0,en,200 days,Wintersemester 1112,Tuesday,2011-11-08,67
568,"Au revoir, Taipeh",Au Revoir Taipei,2010-04-02,5.7,['Comedy'],0.0,85.0,zh,592 days,Wintersemester 1112,Tuesday,2011-11-15,23
569,Der Name der Leute,The Names of Love,2010-11-24,7.314,"['Drama', 'Comedy', 'Romance']",4600000.0,100.0,fr,357 days,Wintersemester 1112,Wednesday,2011-11-16,58
570,Angst essen Seele auf,Ali: Fear Eats the Soul,1974-06-05,7.716,"['Romance', 'Drama']",130000.0,93.0,de,13684 days,Wintersemester 1112,Tuesday,2011-11-22,9
571,Paper Man,Paper Man,2009-06-15,6.283,"['Comedy', 'Drama']",0.0,110.0,en,891 days,Wintersemester 1112,Wednesday,2011-11-23,26
572,Almanya - Willkommen in Deutschland,Almanya: Welcome to Germany,2011-05-13,6.6,"['Drama', 'Comedy']",0.0,101.0,de,201 days,Wintersemester 1112,Wednesday,2011-11-30,66
573,Belgrad Radio Taxi,The Woman with a Broken Nose,2010-09-01,6.84,"['Romance', 'Drama', 'Comedy']",0.0,100.0,sr,462 days,Wintersemester 1112,Wednesday,2011-12-07,20
574,Alles koscher!,The Infidel,2010-02-18,6.1,"['Comedy', 'Drama']",0.0,105.0,en,664 days,Wintersemester 1112,Wednesday,2011-12-14,43
575,Die Kinder der Seidenstraße,The Children of Huang Shi,2008-04-03,6.8,"['Drama', 'War']",40000000.0,125.0,zh,1356 days,Wintersemester 1112,Tuesday,2011-12-20,19
576,The Tree of Life,The Tree of Life,2011-05-17,6.738,"['Drama', 'Fantasy']",32000000.0,139.0,en,218 days,Wintersemester 1112,Wednesday,2011-12-21,56
577,Toast,Toast,2010-12-30,6.6,"['Drama', 'Comedy', 'History', 'Family']",0.0,96.0,en,377 days,Wintersemester 1112,Wednesday,2012-01-11,33
578,The Guard,The Guard,2011-07-07,6.983,"['Action', 'Comedy', 'Thriller', 'Crime']",6000000.0,96.0,en,195 days,Wintersemester 1112,Wednesday,2012-01-18,78
579,Wasser für die Elefanten,Water for Elephants,2011-04-15,6.945,"['Drama', 'Romance']",38000000.0,122.0,en,284 days,Wintersemester 1112,Tuesday,2012-01-24,104
580,Kleine schmutzige Tricks,Dirty Pretty Things,2002-09-05,6.9,"['Crime', 'Drama', 'Thriller']",0.0,97.0,en,964 days,Sommersemester 05,Tuesday,2005-04-26,67
581,Mathilde - Eine große Liebe,A Very Long Engagement,2004-10-27,7.325,"['Drama', 'Romance', 'War']",47000000.0,133.0,fr,182 days,Sommersemester 05,Wednesday,2005-04-27,198
582,Just a kiss,Just a Kiss,2002-06-15,4.5,"['Comedy', 'Romance']",0.0,89.0,en,1053 days,Sommersemester 05,Tuesday,2005-05-03,73
583,Before Night Falls,Before Night Falls,2000-09-03,6.6,['Drama'],0.0,134.0,en,1704 days,Sommersemester 05,Wednesday,2005-05-04,63
584,Die Geschichte vom weinenden Kamel,The Story of the Weeping Camel,2003-06-29,7.1,"['Documentary', 'Drama']",0.0,91.0,mn,681 days,Sommersemester 05,Tuesday,2005-05-10,109
585,Außer Atem,Breathless,1960-03-16,7.547,"['Drama', 'Crime']",0.0,90.0,fr,16506 days,Sommersemester 05,Wednesday,2005-05-25,7
586,My Architect,My Architect: A Son's Journey,2003-11-12,6.9,['Documentary'],0.0,116.0,en,566 days,Sommersemester 05,Tuesday,2005-05-31,39
587,Tricks,Tricks,1997-12-27,6.98,"['Drama', 'TV Movie']",0.0,96.0,en,2713 days,Sommersemester 05,Wednesday,2005-06-01,29
588,Mambo Italiano,Mambo Italiano,2003-06-06,5.981,"['Comedy', 'Romance']",4361898.0,89.0,en,739 days,Sommersemester 05,Tuesday,2005-06-14,51
589,Am achten Tag,The Eighth Day,1996-05-22,7.333,['Drama'],0.0,118.0,fr,3325 days,Sommersemester 05,Wednesday,2005-06-29,21
590,Sexy Beast,Sexy Beast,2001-01-12,6.978,"['Crime', 'Drama', 'Thriller']",5000000.0,89.0,en,1643 days,Sommersemester 05,Wednesday,2005-07-13,9
591,Uzumaki,Uzumaki,2000-02-11,5.9,"['Mystery', 'Fantasy', 'Horror']",1000000.0,90.0,ja,1986 days,Sommersemester 05,Wednesday,2005-07-20,34
592,Lichter,Distant Lights,2003-02-11,7.4,['Drama'],0.0,105.0,de,896 days,Sommersemester 05,Tuesday,2005-07-26,25
593,Mystic River,Mystic River,2003-03-03,7.74,"['Thriller', 'Crime', 'Drama', 'Mystery']",25000000.0,138.0,en,877 days,Sommersemester 05,Wednesday,2005-07-27,14
594,Jalla! Jalla!,The Best Man's Wedding,2000-12-22,6.3,"['Comedy', 'Drama']",0.0,88.0,sv,1641 days,Sommersemester 05,Monday,2005-06-20,17
595,Der Mann ohne Vergangenheit,The Man Without a Past,1970-04-26,7.86,['Documentary'],0.0,69.0,de,12840 days,Sommersemester 05,Tuesday,2005-06-21,32
596,Kitchen Stories,Kitchen Stories,2004-01-02,7.0,"['Drama', 'Comedy']",0.0,95.0,no,537 days,Sommersemester 05,Wednesday,2005-06-22,58
597,Slumdog Millionär,Slumdog Millionaire,2008-11-12,7.73,"['Drama', 'Romance']",15000000.0,120.0,en,349 days,Wintersemester 0910,Tuesday,2009-10-27,162
598,O'Horten,O'Horten,2007-12-26,6.5,"['Drama', 'Comedy']",0.0,90.0,no,672 days,Wintersemester 0910,Wednesday,2009-10-28,45
599,Die rechte und die linke Hand des Teufels,They Call Me Trinity,1970-12-22,7.567,"['Action', 'Comedy', 'Western']",0.0,115.0,it,14196 days,Wintersemester 0910,Tuesday,2009-11-03,38
600,The Limits of Control,The Limits of Control,2009-05-01,6.0,"['Crime', 'Drama', 'Mystery', 'Thriller']",0.0,116.0,en,187 days,Wintersemester 0910,Wednesday,2009-11-04,48
601,Mitte Ende August,Sometime in August,2009-02-08,6.68,['Drama'],0.0,92.0,de,276 days,Wintersemester 0910,Wednesday,2009-11-11,45
602,Gran Torino,Gran Torino,2008-12-12,7.993,['Drama'],33000000.0,116.0,en,341 days,Wintersemester 0910,Wednesday,2009-11-18,120
603,Garage,Garage,2007-10-05,6.7,"['Comedy', 'Drama']",0.0,85.0,en,782 days,Wintersemester 0910,Wednesday,2009-11-25,20
604,El bano del Papa,The Pope's Toilet,2007-05-21,6.9,"['Drama', 'Comedy']",0.0,90.0,es,925 days,Wintersemester 0910,Tuesday,2009-12-01,22
605,Gigante,Giant,2009-03-25,6.3,"['Drama', 'Romance']",0.0,88.0,es,258 days,Wintersemester 0910,Tuesday,2009-12-08,33
606,Bienvenue chez les Ch'tis,Welcome to the Sticks,2008-02-20,6.675,"['Comedy', 'Drama', 'Romance']",11000000.0,106.0,fr,658 days,Wintersemester 0910,Wednesday,2009-12-09,66
607,Inglourious Basterds,Inglourious Basterds,2009-08-02,8.218,"['Drama', 'Thriller', 'War']",70000000.0,153.0,en,135 days,Wintersemester 0910,Tuesday,2009-12-15,259
608,Dream Boy,Dream Boy,2008-10-24,6.103,"['Drama', 'Romance']",1200000.0,88.0,en,438 days,Wintersemester 0910,Tuesday,2010-01-05,17
609,Captain Abu Raed,Captain Abu Raed,2008-02-06,7.7,['Drama'],0.0,102.0,en,700 days,Wintersemester 0910,Wednesday,2010-01-06,21
610,The Pervert's Guide to Cinema,The Pervert's Guide to Cinema,2006-10-06,7.3,['Documentary'],0.0,151.0,en,1194 days,Wintersemester 0910,Tuesday,2010-01-12,41
611,Alice's Restaurant,Alice's Restaurant,1969-08-20,6.2,"['Drama', 'Comedy']",0.0,111.0,en,14763 days,Wintersemester 0910,Wednesday,2010-01-20,23
612,Taking Woodstock,Taking Woodstock,2009-08-26,6.2,"['Music', 'Comedy', 'Drama']",30000000.0,120.0,en,161 days,Wintersemester 0910,Wednesday,2010-02-03,88
613,Mad Max,Mad Max,1979-04-12,6.7,"['Adventure', 'Action', 'Thriller', 'Science Fiction']",350000.0,91.0,en,13515 days,Sommersemester 16,Tuesday,2016-04-12,78
614,Taxi Teheran,Taxi,2015-04-15,7.05,"['Comedy', 'Drama']",0.0,82.0,fa,364 days,Sommersemester 16,Wednesday,2016-04-13,29
615,Gone Girl,Gone Girl,2014-10-01,7.893,"['Mystery', 'Thriller', 'Drama']",61000000.0,149.0,en,566 days,Sommersemester 16,Tuesday,2016-04-19,94
616,Von Caligari zu Hitler,From Caligari to Hitler,2015-05-28,7.4,"['Documentary', 'History']",0.0,114.0,de,328 days,Sommersemester 16,Wednesday,2016-04-20,5
617,Berandal,The Raid 2,2014-03-27,7.6,"['Action', 'Crime', 'Thriller']",4500000.0,150.0,id,761 days,Sommersemester 16,Tuesday,2016-04-26,22
618,Her,Her,2013-12-18,7.9,"['Romance', 'Science Fiction', 'Drama']",23000000.0,126.0,en,861 days,Sommersemester 16,Wednesday,2016-04-27,65
619,Inside Out,Inside Out,2015-06-09,7.916,"['Animation', 'Family', 'Adventure', 'Drama', 'Comedy']",175000000.0,95.0,en,329 days,Sommersemester 16,Tuesday,2016-05-03,140
620,The Lobster,The Lobster,2015-10-15,7.0,"['Comedy', 'Drama', 'Romance']",4000000.0,119.0,en,202 days,Sommersemester 16,Wednesday,2016-05-04,61
621,Spotlight,Spotlight,2015-11-06,7.817,"['Drama', 'History']",20000000.0,129.0,en,186 days,Sommersemester 16,Tuesday,2016-05-10,61
622,Malala,He Named Me Malala,2015-09-12,6.7,['Documentary'],0.0,87.0,en,242 days,Sommersemester 16,Wednesday,2016-05-11,100
623,Star Wars,Star Wars,1977-05-25,8.203,"['Adventure', 'Action', 'Science Fiction']",11000000.0,121.0,en,14244 days,Sommersemester 16,Tuesday,2016-05-24,114
624,The Hours,The Hours,2002-12-27,7.302,['Drama'],25000000.0,114.0,en,4898 days,Sommersemester 16,Wednesday,2016-05-25,17
625,Ich und Earl und das Mädchen,Me and Earl and the Dying Girl,2015-06-12,7.542,"['Drama', 'Comedy']",0.0,105.0,en,354 days,Sommersemester 16,Tuesday,2016-05-31,19
626,Mustang,Mustang,2015-06-17,7.769,['Drama'],1300000.0,97.0,tr,350 days,Sommersemester 16,Wednesday,2016-06-01,34
627,Legend,Legend,2015-09-09,7.042,"['Crime', 'Thriller']",25000000.0,132.0,en,272 days,Sommersemester 16,Tuesday,2016-06-07,73
628,Die Melodie des Meeres,Song of the Sea,2014-09-06,8.013,"['Family', 'Animation', 'Fantasy']",0.0,93.0,en,647 days,Sommersemester 16,Tuesday,2016-06-14,62
629,Krigen,A War,2015-09-10,6.649,"['Drama', 'War']",0.0,115.0,da,279 days,Sommersemester 16,Wednesday,2016-06-15,7
630,The Hateful 8,The Hateful Eight,2015-12-25,7.751,"['Drama', 'Mystery', 'Western']",44000000.0,188.0,en,179 days,Sommersemester 16,Tuesday,2016-06-21,76
631,Night Moves,Night Moves,1975-02-27,6.652,"['Crime', 'Mystery', 'Drama']",0.0,100.0,en,15091 days,Sommersemester 16,Wednesday,2016-06-22,12
632,Deathgasm,Deathgasm,2015-08-28,6.299,"['Comedy', 'Horror', 'Music']",0.0,86.0,en,305 days,Sommersemester 16,Tuesday,2016-06-28,28
633,Suffragette,Suffragette,2015-10-16,7.25,"['Drama', 'History']",14000000.0,106.0,en,257 days,Sommersemester 16,Wednesday,2016-06-29,48
634,The Revenant,The Revenant,2015-12-25,7.531,"['Western', 'Drama', 'Adventure']",135000000.0,157.0,en,193 days,Sommersemester 16,Tuesday,2016-07-05,49
635,Das brandneue Testament,The Brand New Testament,2015-09-02,6.7,"['Comedy', 'Fantasy']",8700000.0,114.0,fr,308 days,Sommersemester 16,Wednesday,2016-07-06,68
636,Der Bunker,The Bunker,2015-02-07,6.2,"['Comedy', 'Drama', 'Horror']",0.0,85.0,de,521 days,Sommersemester 16,Tuesday,2016-07-12,38
637,Dune,Dune,2021-09-15,7.78,"['Science Fiction', 'Adventure']",165000000.0,155.0,en,202 days,Sommersemester 22,Tuesday,2022-04-05,40
638,Berlin Alexanderplatz,Berlin Alexanderplatz,2020-06-25,7.0,['Drama'],0.0,184.0,de,650 days,Sommersemester 22,Wednesday,2022-04-06,0
639,The Father,The Father,2020-12-23,8.129,['Drama'],6000000.0,96.0,en,470 days,Sommersemester 22,Thursday,2022-04-07,0
640,Die nackte Kanone,Naked Gun 33⅓: The Final Insult,1994-03-18,6.5,"['Comedy', 'Crime']",30000000.0,83.0,en,10252 days,Sommersemester 22,Tuesday,2022-04-12,7
641,The Green Knight,The Green Knight,2021-07-29,6.6,"['Adventure', 'Drama', 'Fantasy']",15000000.0,130.0,en,258 days,Sommersemester 22,Wednesday,2022-04-13,2
642,Booksmart,Booksmart,2019-05-24,7.044,['Comedy'],6000000.0,102.0,en,1056 days,Sommersemester 22,Thursday,2022-04-14,4
643,Encanto,Encanto,2021-10-13,7.6,"['Animation', 'Comedy', 'Family', 'Fantasy']",50000000.0,102.0,en,188 days,Sommersemester 22,Tuesday,2022-04-19,11
644,La Casa Lobo,The Wolf House,2018-09-26,7.583,"['Animation', 'Horror', 'Drama']",245000.0,75.0,es,1302 days,Sommersemester 22,Wednesday,2022-04-20,0
645,Titane,Titane,2021-07-14,6.439,"['Drama', 'Thriller', 'Horror']",6600000.0,108.0,fr,288 days,Sommersemester 22,Thursday,2022-04-28,3
646,Gefangen im Netz,Bound,2015-01-09,3.635,['Thriller'],0.0,91.0,en,2671 days,Sommersemester 22,Tuesday,2022-05-03,12
647,The Nightingale,The Nightingale,2018-09-23,7.084,"['Drama', 'Thriller']",0.0,136.0,en,1319 days,Sommersemester 22,Wednesday,2022-05-04,3
648,Lamb,Lamb,2015-10-20,6.0,['Drama'],0.0,93.0,en,2389 days,Sommersemester 22,Thursday,2022-05-05,19
649,Pleasure,Pleasure,2021-10-08,6.218,['Drama'],1800000.0,108.0,sv,214 days,Sommersemester 22,Tuesday,2022-05-10,5
650,Joker,Joker,2019-10-01,8.161,"['Crime', 'Thriller', 'Drama']",55000000.0,122.0,en,953 days,Sommersemester 22,Wednesday,2022-05-11,24
651,Benedetta,Benedetta,2021-07-09,6.634,"['Drama', 'History', 'Romance']",24350000.0,131.0,fr,307 days,Sommersemester 22,Thursday,2022-05-12,5
652,Thelma,Thelma,2017-09-15,6.835,"['Drama', 'Mystery', 'Thriller']",5700000.0,116.0,no,1705 days,Sommersemester 22,Tuesday,2022-05-17,0
653,Bergman Island,Bergman Island,2021-07-14,6.161,"['Drama', 'Romance']",0.0,113.0,en,308 days,Sommersemester 22,Wednesday,2022-05-18,1
654,Große Freiheit,Great Freedom,2021-11-18,7.2,"['Drama', 'Romance', 'Crime']",0.0,116.0,de,188 days,Sommersemester 22,Wednesday,2022-05-25,0
655,Annette,Annette,2021-07-07,6.776,"['Drama', 'Romance']",15500000.0,140.0,fr,328 days,Sommersemester 22,Tuesday,2022-05-31,3
656,New Order,New Order,2020-10-22,6.5,"['Drama', 'Thriller']",0.0,88.0,es,588 days,Sommersemester 22,Thursday,2022-06-02,0
657,Für Sama,For Sama,2019-07-26,8.3,"['Documentary', 'War']",0.0,100.0,en,1055 days,Sommersemester 22,Wednesday,2022-06-15,15
658,Psycho Goreman,Psycho Goreman,2020-10-29,5.976,"['Science Fiction', 'Comedy', 'Horror']",1700000.0,95.0,en,600 days,Sommersemester 22,Tuesday,2022-06-21,7
659,Prinzessin Mononoke,Princess Mononoke,1997-07-12,8.34,"['Adventure', 'Fantasy', 'Animation']",23500000.0,134.0,ja,9112 days,Sommersemester 22,Thursday,2022-06-23,33
660,Fabian oder der Gang vor die Hunde,Fabian: Going to the Dogs,2021-08-05,6.6,"['Drama', 'Romance', 'History']",178.0,176.0,de,327 days,Sommersemester 22,Tuesday,2022-06-28,5
661,Spider Man: No way Home,Spider-Man: No Way Home,2021-12-15,7.967,"['Action', 'Adventure', 'Science Fiction']",200000000.0,148.0,en,202 days,Sommersemester 22,Tuesday,2022-07-05,25
662,Ruben Brandt,"Ruben Brandt, Collector",2018-06-22,7.424,"['Animation', 'Action', 'Thriller', 'Crime']",0.0,96.0,hu,1475 days,Sommersemester 22,Wednesday,2022-07-06,3
663,Spencer,Spencer,2021-11-04,6.831,"['Drama', 'History']",18000000.0,117.0,en,252 days,Sommersemester 22,Thursday,2022-07-14,13
